PlayerID,G,GS,MP,PTS,TRB,AST,STL,BLK,TOV,PF
gilgesh01,76.0,76.0,34.2,32.7,5.0,6.4,1.7,1.0,2.4,2.2
antetgi01,67.0,67.0,34.2,30.4,11.9,6.5,0.9,1.2,3.1,2.3
jokicni01,70.0,70.0,36.7,29.6,12.7,10.2,1.8,0.6,3.3,2.3
doncilu01,50.0,50.0,35.4,28.2,8.2,7.7,1.8,0.4,3.6,2.5
doncilu01,22.0,22.0,35.7,28.1,8.3,7.8,2.0,0.4,3.4,2.6
doncilu01,28.0,28.0,35.1,28.2,8.1,7.5,1.6,0.4,3.7,2.4
edwaran01,79.0,79.0,36.3,27.6,5.7,4.5,1.2,0.6,3.2,1.9
tatumja01,72.0,72.0,36.4,26.8,8.7,6.0,1.1,0.5,2.9,2.2
duranke01,62.0,62.0,36.5,26.6,6.0,4.2,0.8,1.2,3.1,1.7
maxeyty01,52.0,52.0,37.7,26.3,3.3,6.1,1.8,0.4,2.4,2.2
cunnica01,70.0,70.0,35.0,26.1,6.1,9.1,1.0,0.8,4.4,2.8
brunsja01,65.0,65.0,35.4,26.0,2.9,7.3,0.9,0.1,2.5,2.1
banchpa01,46.0,46.0,34.4,25.9,7.5,4.8,0.8,0.6,3.0,2.1
bookede01,75.0,75.0,37.3,25.6,4.1,7.1,0.9,0.2,2.9,2.6
ballla01,47.0,47.0,32.0,25.2,4.9,7.4,1.1,0.3,3.6,3.3
lillada01,58.0,58.0,36.1,24.9,4.7,7.1,1.2,0.2,2.8,1.7
davisan02,51.0,51.0,33.5,24.7,11.6,3.5,1.2,2.2,2.2,1.9
davisan02,42.0,42.0,34.3,25.7,11.9,3.4,1.3,2.1,2.2,2.0
davisan02,9.0,9.0,29.6,20.0,10.1,4.4,0.6,2.2,2.2,1.8
irvinky01,50.0,50.0,36.1,24.7,4.8,4.6,1.3,0.5,2.2,2.0
willizi01,30.0,30.0,28.6,24.6,7.2,5.3,1.2,0.9,3.0,2.7
curryst01,70.0,70.0,32.2,24.5,4.4,6.0,1.1,0.4,2.9,1.4
jamesle01,70.0,70.0,34.9,24.4,7.8,8.2,1.0,0.6,3.7,1.4
townska01,72.0,72.0,35.0,24.4,12.8,3.1,1.0,0.7,2.7,3.5
wembavi01,46.0,46.0,33.2,24.3,11.0,3.7,1.1,3.8,3.2,2.3
wagnefr01,60.0,60.0,33.7,24.2,5.7,4.7,1.3,0.4,2.3,2.5
youngtr01,76.0,76.0,36.0,24.2,3.1,11.6,1.2,0.2,4.7,1.9
mitchdo01,71.0,71.0,31.4,24.0,4.5,5.0,1.3,0.2,2.1,2.0
thomaca02,25.0,23.0,31.2,24.0,3.3,3.8,0.6,0.1,2.5,1.8
herroty01,77.0,77.0,35.4,23.9,5.2,5.5,0.9,0.2,2.6,1.1
embiijo01,19.0,19.0,30.2,23.8,8.2,4.5,0.7,0.9,3.3,2.2
foxde01,62.0,62.0,36.1,23.5,4.8,6.3,1.5,0.4,2.8,2.6
foxde01,45.0,45.0,37.0,25.0,5.0,6.1,1.5,0.4,3.0,2.6
foxde01,17.0,17.0,34.0,19.7,4.3,6.8,1.5,0.3,2.4,2.7
lavinza01,74.0,74.0,35.2,23.3,4.3,4.2,0.8,0.2,2.8,1.6
lavinza01,42.0,42.0,34.1,24.0,4.8,4.5,0.9,0.2,2.9,1.5
lavinza01,32.0,32.0,36.6,22.4,3.5,3.8,0.6,0.1,2.7,1.8
moranja01,50.0,50.0,30.4,23.2,4.1,7.3,1.2,0.2,3.7,2.3
hardeja01,79.0,79.0,35.3,22.8,5.8,8.7,1.5,0.7,4.3,2.1
brownja02,63.0,63.0,34.3,22.2,5.8,4.5,1.2,0.3,2.6,2.4
derozde01,77.0,77.0,35.9,22.2,3.9,4.4,0.8,0.4,1.4,1.9
ingrabr01,18.0,18.0,33.1,22.2,5.6,5.2,0.9,0.6,3.8,2.5
jacksja02,74.0,74.0,29.8,22.2,5.6,2.0,1.2,1.5,2.1,3.5
powelno01,60.0,60.0,32.6,21.8,3.2,2.1,1.2,0.2,1.8,1.9
willija06,69.0,69.0,32.4,21.6,5.3,5.1,1.6,0.7,2.2,2.3
leonaka01,37.0,37.0,31.9,21.5,5.9,3.1,1.6,0.5,1.9,1.5
murraja01,67.0,67.0,36.1,21.4,3.9,6.0,1.4,0.5,2.1,1.9
murphtr02,53.0,51.0,35.0,21.2,5.1,3.5,1.1,0.7,1.9,2.1
barrerj01,58.0,58.0,32.2,21.1,6.3,5.4,0.8,0.3,2.8,2.4
mccolcj01,56.0,56.0,32.7,21.1,3.8,4.1,0.8,0.4,1.9,2.2
greenja05,82.0,82.0,32.9,21.0,4.6,3.4,0.9,0.3,2.5,1.5
millebr02,27.0,27.0,34.2,21.0,4.9,3.6,1.1,0.7,2.8,2.7
garlada01,75.0,75.0,30.7,20.6,2.9,6.7,1.2,0.1,2.5,1.9
poolejo01,68.0,68.0,29.4,20.5,3.0,4.5,1.3,0.4,3.0,3.0
whiteco01,74.0,73.0,33.1,20.4,3.7,4.5,0.9,0.2,2.4,2.1
bridgmi02,64.0,64.0,31.7,20.3,7.5,3.9,0.7,0.7,2.1,1.5
reaveau01,73.0,73.0,34.9,20.2,4.5,5.8,1.1,0.3,2.4,2.1
siakapa01,78.0,78.0,32.7,20.2,6.9,3.4,0.9,0.5,1.4,2.4
porzikr01,42.0,42.0,28.8,19.5,6.8,2.1,0.7,1.5,1.3,2.8
barnesc01,65.0,65.0,32.8,19.3,7.7,5.8,1.4,1.0,2.8,1.7
simonan01,70.0,70.0,32.7,19.3,2.7,4.8,0.9,0.1,2.0,1.7
banede01,69.0,68.0,32.0,19.2,6.1,5.3,1.2,0.4,2.4,2.4
sabondo01,70.0,70.0,34.7,19.1,13.9,6.0,0.7,0.4,2.9,3.3
sengual01,76.0,76.0,31.5,19.1,10.3,4.9,1.1,0.8,2.6,2.8
collijo01,40.0,31.0,30.5,19.0,8.2,2.0,1.0,1.0,2.6,2.9
markkla01,47.0,47.0,31.4,19.0,5.9,1.5,0.7,0.4,1.4,1.7
johnsja05,36.0,36.0,35.7,18.9,10.0,5.0,1.6,1.0,2.9,1.9
johnsca02,57.0,57.0,31.6,18.8,4.3,3.4,0.9,0.4,1.7,1.8
randlju01,69.0,69.0,32.3,18.7,7.1,4.7,0.7,0.2,2.8,2.5
halibty01,73.0,73.0,33.6,18.6,3.5,9.2,1.4,0.7,1.6,1.3
mobleev01,71.0,71.0,30.5,18.5,9.3,3.2,0.9,1.6,2.0,2.0
sharpsh01,72.0,52.0,31.3,18.5,4.5,2.8,0.9,0.2,2.1,1.7
vucevni01,73.0,72.0,31.2,18.5,10.1,3.5,0.8,0.7,1.6,2.2
sextoco01,63.0,61.0,27.9,18.4,2.7,4.2,0.7,0.1,2.5,2.3
portemi01,77.0,77.0,33.7,18.2,7.0,2.1,0.6,0.5,1.4,2.0
adebaba01,78.0,78.0,34.3,18.1,9.6,4.3,1.3,0.7,2.1,2.1
wiggian01,60.0,60.0,30.7,18.0,4.5,2.6,1.0,0.8,1.7,1.7
wiggian01,43.0,43.0,30.1,17.6,4.6,2.4,0.9,0.8,1.3,1.6
wiggian01,17.0,17.0,32.1,19.0,4.2,3.3,1.2,1.0,2.5,1.8
anunoog01,74.0,74.0,36.6,18.0,4.8,2.2,1.5,0.9,1.4,2.3
bridgmi01,82.0,82.0,37.0,17.6,3.2,3.7,0.9,0.5,1.6,1.5
iveyja01,30.0,30.0,29.9,17.6,4.1,4.0,0.9,0.4,3.0,2.2
butleji01,55.0,55.0,31.7,17.5,5.4,5.4,1.4,0.3,1.3,0.9
butleji01,25.0,25.0,30.6,17.0,5.2,4.8,1.1,0.4,1.2,0.9
butleji01,30.0,30.0,32.7,17.9,5.5,5.9,1.7,0.3,1.5,1.0
murrade01,31.0,31.0,32.6,17.5,6.5,7.4,2.0,0.4,3.4,2.0
monkma01,65.0,45.0,31.6,17.2,3.8,5.6,0.9,0.6,2.4,2.4
quickim01,33.0,33.0,27.8,17.1,3.5,5.8,0.7,0.1,1.8,1.8
huntede01,64.0,9.0,27.2,17.0,4.0,1.4,0.8,0.2,1.3,2.4
huntede01,37.0,4.0,28.8,19.0,3.9,1.5,0.8,0.1,1.6,2.4
huntede01,27.0,5.0,25.0,14.3,4.2,1.3,0.7,0.3,0.9,2.5
bealbr01,53.0,38.0,32.1,17.0,3.3,3.7,1.1,0.5,1.9,2.6
avdijde01,72.0,54.0,30.0,16.9,7.3,3.9,1.0,0.5,2.7,2.4
georgke01,67.0,35.0,31.5,16.8,3.8,5.6,0.7,0.1,2.7,1.7
zubaciv01,80.0,80.0,32.8,16.8,12.6,2.7,0.7,1.1,1.6,2.1
whitede01,76.0,76.0,33.9,16.4,4.5,4.8,0.9,1.1,1.7,1.8
beaslma01,82.0,18.0,27.8,16.3,2.6,1.7,0.9,0.1,1.0,1.5
vassede01,64.0,53.0,31.0,16.3,4.0,2.9,1.3,0.5,1.4,1.7
clarkjo01,37.0,9.0,26.0,16.2,3.2,3.7,0.8,0.2,2.3,1.4
georgpa01,41.0,41.0,32.5,16.2,5.3,4.3,1.8,0.5,2.6,2.5
suggsja01,35.0,35.0,28.6,16.2,4.0,3.7,1.5,0.9,2.9,2.8
mathube01,72.0,49.0,29.8,16.1,5.3,1.9,0.7,0.3,1.9,2.3
turnemy01,72.0,72.0,30.2,15.6,6.5,1.5,0.8,2.0,1.7,2.5
braunch01,79.0,77.0,33.9,15.4,5.2,2.6,1.1,0.5,1.0,2.2
kuminjo01,47.0,10.0,24.3,15.3,4.6,2.2,0.8,0.4,1.5,1.9
mccaija01,23.0,8.0,25.7,15.3,2.4,2.6,0.7,0.0,1.6,1.6
willima07,44.0,41.0,26.6,15.3,10.2,2.5,0.7,1.2,1.6,2.4
oubreke01,60.0,57.0,34.6,15.1,6.1,1.8,1.5,0.5,1.3,3.0
holmgch01,32.0,32.0,27.4,15.0,8.0,2.0,0.7,2.2,1.8,2.3
kuzmaky01,65.0,62.0,29.8,14.8,5.7,2.3,0.6,0.3,2.2,1.8
kuzmaky01,32.0,30.0,27.7,15.2,5.8,2.5,0.6,0.2,2.3,1.6
kuzmaky01,33.0,32.0,31.8,14.5,5.6,2.2,0.5,0.4,2.2,2.0
castlst01,81.0,47.0,26.7,14.7,3.7,4.1,0.9,0.3,2.2,2.0
gordoaa01,51.0,42.0,28.4,14.7,4.8,3.2,0.5,0.3,1.4,1.6
washipj01,57.0,56.0,32.2,14.7,7.8,2.3,1.1,1.1,2.1,2.3
grimequ01,75.0,37.0,26.8,14.6,4.3,3.0,1.0,0.3,1.9,1.8
grimequ01,47.0,12.0,22.8,10.2,3.8,2.1,0.7,0.2,1.3,1.7
grimequ01,28.0,25.0,33.7,21.9,5.2,4.5,1.5,0.4,2.9,2.1
giddejo01,70.0,69.0,30.2,14.6,8.1,7.2,1.2,0.6,2.9,1.7
poeltja01,57.0,56.0,29.6,14.5,9.6,2.8,1.2,1.2,1.9,3.1
aytonde01,40.0,40.0,30.2,14.4,10.2,1.6,0.8,1.0,1.7,2.2
dickgr01,54.0,54.0,29.4,14.4,3.6,1.8,0.9,0.2,1.5,2.2
grantje01,47.0,47.0,32.4,14.4,3.5,2.1,0.9,1.0,1.4,2.3
pritcpa01,80.0,3.0,28.4,14.3,3.8,3.5,0.9,0.2,1.0,1.5
reidna01,80.0,17.0,27.5,14.2,6.0,2.3,0.7,0.9,1.4,2.4
daniedy01,76.0,76.0,33.8,14.1,5.9,4.4,3.0,0.7,2.0,2.3
manntr01,13.0,0.0,24.5,14.1,2.9,3.0,0.5,0.3,1.9,1.8
thompam01,69.0,42.0,32.2,14.1,8.2,3.8,1.4,1.3,2.0,2.4
vanvlfr01,60.0,60.0,35.2,14.1,3.7,5.6,1.6,0.4,1.5,2.3
brookdi01,75.0,75.0,31.8,14.0,3.7,1.7,0.8,0.2,1.0,3.2
smithto05,1.0,0.0,22.0,14.0,8.0,0.0,0.0,0.0,2.0,3.0
thompkl01,72.0,72.0,27.3,14.0,3.4,2.0,0.7,0.4,1.2,1.1
portibo01,49.0,7.0,25.4,13.9,8.4,2.1,0.7,0.5,1.2,1.9
harrito02,73.0,73.0,31.6,13.7,5.9,2.2,1.0,0.8,1.2,1.9
hartjo01,77.0,77.0,37.6,13.6,9.6,5.9,1.5,0.4,2.1,2.6
allenja01,82.0,82.0,28.0,13.5,9.7,1.9,0.9,0.9,1.2,1.5
okongon01,74.0,40.0,27.9,13.4,8.9,2.3,0.9,0.9,1.2,2.6
westbru01,75.0,36.0,27.9,13.3,4.9,6.1,1.4,0.5,3.2,2.5
marshna01,69.0,31.0,27.8,13.2,4.8,3.0,1.0,0.2,1.6,1.6
schrode01,75.0,49.0,28.1,13.1,2.6,5.4,0.9,0.2,1.9,2.4
schrode01,23.0,23.0,33.6,18.4,3.0,6.6,1.1,0.2,2.6,2.4
schrode01,24.0,18.0,26.2,10.6,2.3,4.4,1.0,0.1,2.0,2.8
schrode01,28.0,8.0,25.2,10.8,2.6,5.3,0.5,0.2,1.3,2.0
hachiru01,59.0,57.0,31.7,13.1,5.0,1.4,0.8,0.4,0.8,1.8
lopezbr01,80.0,80.0,31.8,13.0,5.0,1.8,0.6,1.9,1.1,2.1
sarral01,67.0,67.0,27.1,13.0,6.5,2.4,0.7,1.5,1.7,2.2
wagnemo01,30.0,1.0,18.8,12.9,4.9,1.4,0.8,0.4,1.6,1.8
brogdma01,24.0,13.0,23.5,12.7,3.8,4.1,0.5,0.2,1.6,1.3
hendesc01,66.0,10.0,26.7,12.7,3.0,5.1,1.0,0.2,2.7,2.7
johnske04,77.0,0.0,23.9,12.7,4.8,1.6,0.6,0.3,1.0,1.5
russeda01,58.0,36.0,25.5,12.6,2.8,5.1,1.0,0.4,1.9,2.0
russeda01,29.0,10.0,26.3,12.4,2.8,4.7,0.8,0.1,1.7,1.8
russeda01,29.0,26.0,24.7,12.9,2.8,5.6,1.1,0.7,2.0,2.1
risacza01,75.0,73.0,24.6,12.6,3.6,1.2,0.7,0.5,1.2,2.0
aldamsa01,65.0,16.0,25.5,12.5,6.4,2.9,0.8,0.4,1.1,1.2
jeromty01,70.0,3.0,19.9,12.5,2.5,3.4,1.1,0.0,1.3,1.5
murrake02,76.0,76.0,34.3,12.4,6.7,1.4,0.8,0.9,0.8,2.4
walkelo01,20.0,7.0,23.9,12.4,3.2,2.5,0.5,0.3,1.3,1.4
barneha02,82.0,82.0,27.2,12.3,3.8,1.7,0.5,0.2,0.6,0.9
coulibi01,59.0,59.0,33.0,12.3,5.0,3.4,1.3,0.7,2.1,2.4
dosunay01,46.0,26.0,30.3,12.3,3.5,4.5,0.9,0.4,1.5,2.3
gaffoda01,57.0,31.0,21.5,12.3,6.8,1.4,0.4,1.8,1.2,2.7
mcdanja02,82.0,82.0,31.9,12.2,5.7,2.0,1.3,0.9,1.2,2.7
smithja05,57.0,39.0,30.1,12.2,7.0,1.1,0.4,0.7,1.1,2.2
leverca01,64.0,3.0,24.9,12.1,3.2,3.4,0.9,0.5,1.2,1.5
leverca01,38.0,3.0,23.8,10.2,2.8,3.7,0.9,0.5,1.3,1.3
leverca01,26.0,0.0,26.6,14.9,3.7,2.9,0.9,0.5,1.0,2.0
timmedr01,9.0,2.0,28.2,12.1,7.2,2.2,0.4,0.1,1.7,2.3
easonta01,57.0,16.0,24.9,12.0,6.4,1.5,1.7,0.9,1.1,2.4
goberru01,72.0,72.0,33.2,12.0,10.9,1.8,0.8,1.4,1.2,2.5
nesmiaa01,45.0,37.0,25.0,12.0,4.0,1.2,0.8,0.4,0.8,2.5
wiggiaa01,76.0,26.0,22.9,12.0,3.9,1.8,0.8,0.2,0.9,1.3
middlkh01,37.0,21.0,22.8,11.9,3.7,4.1,0.9,0.2,1.5,2.0
middlkh01,23.0,7.0,23.2,12.6,3.7,4.4,0.7,0.2,1.6,2.3
middlkh01,14.0,14.0,22.1,10.7,3.7,3.4,1.3,0.2,1.4,1.6
durenja01,78.0,78.0,26.1,11.8,10.3,2.7,0.7,1.1,1.7,3.2
divindo01,62.0,10.0,25.9,11.7,3.7,3.6,1.2,0.3,1.6,1.8
podzibr01,64.0,33.0,26.8,11.7,5.1,3.4,1.1,0.2,1.2,1.5
kispeco01,61.0,0.0,26.3,11.6,3.0,1.7,0.4,0.2,1.0,1.6
sochaje01,54.0,23.0,25.3,11.4,6.5,2.4,0.8,0.5,1.6,2.4
camarto01,78.0,78.0,32.7,11.3,5.8,2.2,1.5,0.6,1.4,2.9
harteis01,57.0,53.0,27.9,11.2,10.7,3.8,0.8,1.1,1.7,3.0
hieldbu01,82.0,22.0,22.7,11.1,3.2,1.6,0.8,0.3,1.1,1.6
holidjr01,62.0,62.0,30.6,11.1,4.3,3.9,1.1,0.4,1.2,1.6
kesslwa01,58.0,58.0,30.0,11.1,12.2,1.7,0.6,2.4,1.5,2.2
trentga02,74.0,9.0,25.6,11.1,2.3,1.2,1.0,0.1,0.6,1.7
dinwisp01,79.0,30.0,27.0,11.0,2.6,4.4,0.9,0.2,1.3,1.5
hardati02,77.0,77.0,28.0,11.0,2.4,1.6,0.5,0.1,0.6,1.2
robindu01,74.0,37.0,24.1,11.0,2.3,2.4,0.5,0.1,1.2,1.8
yabusgu01,70.0,43.0,27.1,11.0,5.6,2.1,0.8,0.3,1.2,2.3
sensabr01,71.0,15.0,20.2,10.9,3.0,1.5,0.6,0.1,1.5,1.6
bogdabo01,54.0,4.0,25.0,10.8,2.9,2.7,0.8,0.2,1.4,2.4
bogdabo01,24.0,0.0,24.9,10.0,2.8,2.0,0.8,0.3,1.5,2.4
bogdabo01,30.0,4.0,25.0,11.4,3.1,3.2,0.7,0.2,1.2,2.3
hawkijo01,56.0,9.0,23.6,10.8,2.8,1.2,0.5,0.4,1.0,0.9
bostobr01,42.0,10.0,23.6,10.7,3.2,2.2,1.3,0.2,1.2,1.7
jovicni01,46.0,10.0,25.1,10.7,3.9,2.8,0.8,0.3,1.3,1.8
allengr01,64.0,7.0,24.1,10.6,3.0,2.1,0.8,0.3,1.2,1.5
johnske07,79.0,56.0,24.4,10.6,3.8,2.2,1.0,0.4,1.5,2.6
roziete01,64.0,23.0,25.9,10.6,3.7,2.6,0.6,0.2,1.2,1.1
toppiob01,79.0,4.0,19.6,10.5,4.0,1.6,0.6,0.4,0.9,1.4
valanjo01,81.0,21.0,18.8,10.4,7.7,2.0,0.5,0.6,1.5,2.2
valanjo01,49.0,12.0,20.1,11.5,8.2,2.2,0.4,0.6,1.8,2.0
valanjo01,32.0,9.0,16.9,8.7,7.0,1.8,0.5,0.6,1.0,2.6
agbajoc01,64.0,45.0,27.2,10.4,3.8,1.5,0.9,0.5,0.8,2.0
wellsja01,79.0,74.0,25.9,10.4,3.4,1.7,0.6,0.1,0.9,1.8
willigr01,16.0,7.0,29.9,10.4,5.1,2.3,1.1,0.8,1.8,2.9
porteke02,75.0,4.0,19.8,10.3,3.7,3.4,1.1,0.2,1.8,1.6
porteke02,45.0,2.0,19.6,9.3,3.6,3.2,1.0,0.2,1.9,1.6
porteke02,30.0,2.0,19.9,11.7,3.9,3.7,1.3,0.1,1.7,1.6
alvarjo01,56.0,23.0,24.4,10.3,2.4,4.6,1.3,0.3,1.5,1.6
claxtni01,70.0,62.0,26.9,10.3,7.4,2.2,0.9,1.4,1.2,2.1
joneshe01,20.0,20.0,32.4,10.3,3.9,3.3,1.9,0.5,1.8,3.3
meltode01,6.0,2.0,20.2,10.3,3.3,2.8,1.2,0.3,1.7,3.0
joeis01,74.0,16.0,21.7,10.2,2.6,1.6,0.6,0.1,0.5,1.5
jonesty01,81.0,58.0,26.8,10.2,2.4,5.3,0.9,0.1,1.1,0.8
watfotr01,44.0,6.0,20.8,10.2,3.6,2.6,0.6,0.3,1.9,2.2
brookke02,14.0,6.0,23.7,10.1,4.1,0.9,0.7,0.7,0.9,2.1
dortlu01,71.0,71.0,29.2,10.1,4.1,1.6,1.1,0.5,0.7,2.9
edwarju01,44.0,26.0,26.3,10.1,3.4,1.6,1.0,0.4,1.1,2.2
jonesde02,77.0,55.0,24.3,10.1,3.4,0.8,1.0,0.4,0.9,2.0
thompau01,59.0,48.0,22.5,10.1,5.1,2.3,1.7,0.7,1.4,2.8
bouchch01,50.0,0.0,17.2,10.0,4.5,0.7,0.5,0.5,0.6,1.4
nembhan01,65.0,65.0,28.9,10.0,3.3,5.0,1.2,0.2,1.7,2.3
willizi02,63.0,45.0,24.5,10.0,4.6,1.3,1.0,0.4,1.1,2.4
huertke01,69.0,31.0,24.3,9.9,3.0,2.3,1.0,0.3,1.0,1.8
huertke01,43.0,15.0,20.9,7.9,2.8,1.7,0.8,0.4,0.9,1.6
huertke01,26.0,16.0,30.0,13.2,3.3,3.2,1.2,0.3,1.2,2.0
niangge01,79.0,3.0,21.5,9.9,3.4,1.4,0.4,0.2,1.0,2.5
niangge01,51.0,1.0,20.6,8.7,3.7,1.3,0.3,0.1,0.9,2.5
niangge01,28.0,2.0,23.0,12.1,3.0,1.6,0.4,0.3,1.2,2.6
champju02,82.0,29.0,23.6,9.9,3.9,1.4,0.7,0.4,0.9,1.4
pippesc02,79.0,21.0,21.3,9.9,3.3,4.4,1.3,0.4,1.7,2.6
smithni01,60.0,27.0,22.8,9.9,2.1,2.4,0.3,0.1,1.4,1.3
carrica01,82.0,57.0,30.0,9.8,4.2,4.4,0.7,0.3,1.7,2.3
moodymo01,74.0,34.0,22.3,9.8,2.6,1.3,0.8,0.4,0.7,1.6
coffeam01,72.0,13.0,24.3,9.7,2.2,1.1,0.6,0.1,0.6,1.7
chrisma02,78.0,36.0,27.3,9.6,3.3,1.9,0.8,0.4,1.1,1.5
chrisma02,46.0,25.0,25.1,8.5,2.7,1.4,0.8,0.5,0.8,1.6
chrisma02,32.0,11.0,30.4,11.2,4.2,2.5,0.9,0.3,1.5,1.3
filipky01,72.0,27.0,21.1,9.6,6.1,1.9,0.7,0.3,1.4,2.4
evbuoto01,28.0,0.0,23.8,9.5,4.3,2.0,0.9,0.4,1.4,2.0
mcbrimi01,64.0,10.0,24.9,9.5,2.5,2.9,1.0,0.3,0.6,1.7
wilsoja03,79.0,22.0,25.7,9.5,3.4,1.8,0.5,0.1,1.0,2.1
alexani01,82.0,10.0,25.3,9.4,3.2,2.7,0.6,0.4,1.2,1.7
anthoco01,67.0,22.0,18.4,9.4,3.0,2.9,0.7,0.5,1.5,2.3
blackan01,78.0,10.0,24.2,9.4,2.9,3.1,1.1,0.6,1.8,2.1
strusma01,50.0,37.0,25.5,9.4,4.3,3.2,0.5,0.2,1.1,2.1
vukcetr01,35.0,1.0,14.7,9.4,3.7,1.1,0.3,0.7,1.2,1.6
whitmca01,51.0,3.0,16.2,9.4,3.0,1.0,0.6,0.3,0.9,0.9
richani01,57.0,43.0,22.0,9.3,8.2,0.9,0.2,1.0,1.4,2.5
richani01,21.0,9.0,21.0,8.9,7.5,1.3,0.3,1.2,1.6,2.3
richani01,36.0,34.0,22.7,9.5,8.6,0.6,0.2,0.8,1.3,2.6
wareke01,64.0,36.0,22.2,9.3,7.4,0.9,0.6,1.1,0.9,1.7
edeyza01,66.0,55.0,21.5,9.2,8.3,1.0,0.5,1.3,1.3,2.8
cartewe01,68.0,51.0,25.9,9.1,7.2,2.0,0.8,0.6,1.1,2.9
clownno01,46.0,20.0,22.7,9.1,3.9,0.9,0.5,0.5,1.0,2.3
knechda01,78.0,16.0,19.2,9.1,2.8,0.8,0.3,0.1,0.5,1.2
lawsoaj01,26.0,2.0,18.7,9.1,3.3,1.2,0.5,0.2,0.6,1.7
mccontj01,79.0,1.0,17.9,9.1,2.4,4.4,1.1,0.3,1.4,1.0
missiyv01,73.0,67.0,26.8,9.1,8.2,1.4,0.5,1.3,1.1,2.0
onealro01,75.0,22.0,24.5,9.1,4.7,2.2,0.9,0.5,0.9,2.0
butleja02,60.0,17.0,17.4,9.0,1.8,3.7,0.7,0.2,1.3,1.6
butleja02,32.0,0.0,11.3,6.9,1.3,2.6,0.4,0.2,0.9,1.3
butleja02,28.0,17.0,24.4,11.5,2.5,4.9,1.1,0.3,1.8,2.0
smartma01,34.0,7.0,20.0,9.0,2.1,3.2,1.1,0.3,1.6,1.6
smartma01,19.0,6.0,21.1,8.7,2.3,3.7,1.2,0.3,1.8,1.6
smartma01,15.0,1.0,18.7,9.3,1.9,2.5,1.1,0.2,1.3,1.5
greendr01,68.0,66.0,29.2,9.0,6.1,5.6,1.5,1.0,2.6,3.2
hayeski01,6.0,5.0,27.0,9.0,3.0,5.2,0.7,0.7,1.5,2.2
horfoal01,60.0,42.0,27.7,9.0,6.2,2.1,0.6,0.9,0.8,1.4
strawju01,65.0,4.0,21.3,9.0,2.2,1.3,0.6,0.2,0.9,2.3
willipa01,63.0,36.0,25.0,9.0,3.8,2.0,0.8,0.5,1.4,1.4
nurkiju01,51.0,32.0,20.8,8.9,7.8,2.3,0.8,0.7,1.9,2.5
nurkiju01,25.0,23.0,23.7,8.6,9.2,1.9,0.9,0.6,2.3,3.1
nurkiju01,26.0,9.0,18.1,9.2,6.5,2.6,0.7,0.7,1.5,2.0
capelca01,55.0,41.0,21.4,8.9,8.5,1.1,0.6,1.0,0.9,1.9
juzanjo01,64.0,18.0,19.8,8.9,2.9,1.1,0.6,0.1,0.6,2.0
kennalu01,65.0,11.0,22.6,8.9,2.8,3.3,0.8,0.1,1.1,0.9
champju01,62.0,31.0,21.6,8.8,5.7,1.0,1.0,0.6,0.9,1.8
mykhasv01,38.0,13.0,20.0,8.8,2.4,2.0,0.5,0.2,1.4,1.1
paulch01,82.0,82.0,28.0,8.8,3.6,7.4,1.3,0.3,1.6,1.8
olynyke01,44.0,22.0,20.3,8.7,4.7,2.9,0.8,0.4,1.7,2.8
olynyke01,24.0,2.0,16.0,7.1,3.7,2.3,0.7,0.3,1.5,2.5
olynyke01,20.0,20.0,25.4,10.7,5.9,3.6,0.9,0.6,2.1,3.2
finnedo01,63.0,40.0,28.9,8.7,3.9,1.4,0.9,0.4,0.9,2.2
finnedo01,20.0,20.0,29.0,10.4,4.6,1.6,0.9,0.6,0.9,2.7
finnedo01,43.0,20.0,28.8,7.9,3.6,1.4,0.9,0.3,0.9,1.9
brissos01,6.0,2.0,23.7,8.7,3.7,0.7,0.7,0.5,1.3,2.3
caldwke01,77.0,77.0,29.6,8.7,2.2,1.8,1.3,0.4,0.8,1.8
colliis01,71.0,46.0,25.9,8.7,3.3,6.3,0.9,0.2,2.9,2.1
exumda01,20.0,13.0,18.6,8.7,1.7,2.8,0.6,0.2,1.1,1.7
georgky01,68.0,38.0,26.5,8.7,4.2,2.5,1.0,0.7,1.4,3.0
hardyja02,57.0,3.0,15.9,8.7,1.6,1.4,0.5,0.1,1.4,1.6
livelde01,36.0,29.0,23.1,8.7,7.5,2.4,0.6,1.6,1.1,2.8
martity01,60.0,11.0,21.9,8.7,3.7,2.0,0.6,0.2,1.2,1.3
buzelma01,80.0,31.0,18.9,8.6,3.5,1.0,0.4,0.9,0.9,1.6
jaqueja01,66.0,17.0,20.7,8.6,4.4,2.5,0.9,0.2,1.5,1.2
walteja01,52.0,18.0,21.2,8.6,3.1,1.6,0.8,0.2,1.0,1.8
hausesa01,71.0,19.0,21.7,8.5,3.2,0.9,0.6,0.2,0.3,1.2
nancela02,24.0,3.0,19.3,8.5,4.3,1.6,0.8,0.5,0.7,1.5
rhodeja01,14.0,2.0,16.2,8.4,3.0,1.1,0.7,0.1,0.6,1.4
rhodeja01,4.0,0.0,3.0,1.0,1.0,0.5,0.3,0.0,0.3,0.3
rhodeja01,10.0,2.0,21.5,11.4,3.8,1.4,0.9,0.2,0.8,1.9
nowelja01,8.0,0.0,21.0,8.4,2.5,2.3,0.1,0.5,1.0,1.1
wallaca01,68.0,43.0,27.6,8.4,3.4,2.5,1.8,0.5,0.9,2.1
brownbr01,41.0,12.0,22.5,8.3,4.0,2.0,0.8,0.2,1.0,1.7
brownbr01,18.0,0.0,19.6,8.4,3.8,1.6,0.9,0.2,1.1,1.4
brownbr01,23.0,12.0,24.7,8.2,4.2,2.4,0.7,0.3,0.9,2.0
bantoda01,67.0,7.0,16.7,8.3,2.0,2.4,0.6,0.5,1.3,0.9
clarkbr01,64.0,18.0,18.9,8.3,5.1,1.0,0.8,0.6,0.6,2.3
elliske01,80.0,28.0,24.4,8.3,2.7,1.5,1.5,0.8,0.9,2.2
willibr03,33.0,3.0,14.8,8.3,1.8,2.3,0.7,0.2,1.2,1.0
conlemi01,71.0,64.0,24.7,8.2,2.6,4.5,1.1,0.2,1.1,1.6
princta02,80.0,73.0,27.1,8.2,3.6,1.9,1.0,0.2,1.0,2.1
smithja04,64.0,2.0,15.0,8.2,5.6,1.0,0.3,0.7,0.6,1.5
postqu01,42.0,14.0,16.3,8.1,3.5,1.3,0.4,0.4,0.8,2.0
watsope01,68.0,18.0,24.4,8.1,3.4,1.4,0.7,1.4,0.8,1.8
mitchda01,74.0,37.0,27.4,7.9,2.3,4.9,1.0,0.2,1.7,2.5
mitchda01,44.0,22.0,24.5,6.3,1.9,4.6,0.7,0.2,1.8,2.6
mitchda01,30.0,15.0,31.6,10.3,2.7,5.3,1.4,0.3,1.7,2.3
martica02,45.0,24.0,27.1,7.9,3.9,2.1,1.0,0.5,1.2,1.9
martica02,31.0,24.0,30.4,9.1,4.4,2.2,1.1,0.6,1.4,2.0
martica02,14.0,0.0,19.6,5.4,2.9,1.9,0.9,0.2,0.9,1.7
etienty01,7.0,0.0,21.6,7.9,1.3,1.7,0.4,0.1,1.1,2.4
sharpda01,50.0,2.0,18.1,7.9,6.6,1.8,0.8,0.8,1.3,2.3
simpskj01,36.0,15.0,23.4,7.8,3.0,3.1,0.9,0.2,1.6,1.6
mannte01,67.0,13.0,21.1,7.7,3.0,1.8,0.7,0.2,0.7,1.9
mannte01,37.0,12.0,19.8,6.0,2.9,1.6,0.8,0.3,0.7,1.8
mannte01,30.0,1.0,22.7,9.8,3.1,2.1,0.6,0.1,0.7,2.0
matkoka01,42.0,7.0,18.8,7.7,5.0,1.1,0.5,1.0,1.0,2.5
johnsaj01,29.0,11.0,22.0,7.6,2.0,2.6,0.4,0.1,1.2,1.7
johnsaj01,7.0,0.0,6.3,2.9,1.0,1.0,0.1,0.0,0.6,0.0
johnsaj01,22.0,11.0,27.0,9.1,2.4,3.1,0.5,0.1,1.4,2.3
balllo01,35.0,14.0,22.2,7.6,3.4,3.3,1.3,0.5,1.2,1.6
tshieos01,14.0,1.0,18.2,7.6,8.7,0.6,0.9,0.1,0.7,1.7
mathega01,47.0,2.0,17.7,7.5,1.9,1.3,0.6,0.3,0.7,1.7
thybuma01,15.0,5.0,20.8,7.5,3.5,1.9,2.2,0.6,0.9,0.9
greenaj01,73.0,7.0,22.7,7.4,2.4,1.5,0.5,0.1,0.5,2.2
greenjo02,68.0,67.0,27.8,7.4,2.5,1.6,1.1,0.2,1.0,2.4
holmeri01,31.0,7.0,17.2,7.4,5.7,1.4,0.3,0.7,0.7,1.6
baughda01,15.0,2.0,24.7,7.3,3.3,3.7,1.0,0.1,2.1,1.5
burksal01,49.0,14.0,17.6,7.3,2.5,1.1,0.6,0.1,0.6,0.8
councri01,73.0,12.0,17.1,7.3,2.9,1.3,0.4,0.2,0.7,0.9
drumman01,40.0,23.0,18.8,7.3,7.8,0.9,1.0,0.5,1.4,2.4
jonestr01,46.0,9.0,19.7,7.2,2.5,4.2,0.8,0.2,0.8,1.2
jonestr01,28.0,0.0,16.1,4.4,2.1,3.7,0.6,0.2,0.8,1.2
jonestr01,18.0,9.0,25.3,11.5,3.2,4.9,1.1,0.3,0.8,1.2
bitadgo01,70.0,42.0,20.4,7.2,6.6,2.0,0.7,1.4,1.0,2.1
dasiltr01,74.0,38.0,22.0,7.2,3.3,1.5,0.4,0.2,0.8,1.3
jacksgg01,29.0,3.0,15.8,7.2,3.2,1.0,0.4,0.2,1.1,1.0
krejcvi01,57.0,16.0,20.2,7.2,2.7,2.6,0.6,0.5,0.9,1.8
merrisa01,71.0,4.0,19.7,7.2,2.2,1.5,0.7,0.2,0.5,1.7
plowdda01,6.0,0.0,12.0,7.2,1.8,0.3,0.0,0.0,0.7,1.7
tomlina01,5.0,1.0,12.6,7.2,4.2,0.4,0.0,0.2,0.4,1.8
okogijo01,40.0,7.0,15.6,7.1,2.8,0.8,1.2,0.5,0.8,1.2
okogijo01,25.0,1.0,14.0,6.0,2.9,0.6,0.8,0.4,0.6,1.1
okogijo01,15.0,6.0,18.3,8.9,2.7,1.3,1.8,0.5,1.0,1.3
hoodsja01,15.0,0.0,21.0,7.1,1.8,2.5,0.3,0.5,1.2,1.7
hoodsja01,2.0,0.0,7.0,2.0,0.5,0.5,0.0,0.5,0.5,1.5
hoodsja01,13.0,0.0,23.2,7.8,2.0,2.8,0.4,0.5,1.3,1.7
battlja01,59.0,10.0,17.7,7.1,2.7,0.9,0.3,0.2,0.5,1.6
carusal01,54.0,3.0,19.3,7.1,2.9,2.5,1.6,0.6,0.7,1.9
sheadja01,75.0,11.0,19.6,7.1,1.5,4.2,0.8,0.1,1.6,2.1
dowtije01,41.0,3.0,15.1,7.0,1.5,1.9,0.6,0.3,0.4,0.7
garrema01,4.0,0.0,19.8,7.0,1.5,3.3,0.8,0.5,1.5,2.5
jacksis01,5.0,1.0,16.8,7.0,5.6,1.0,0.6,1.6,1.0,2.8
simsja01,6.0,0.0,18.7,7.0,1.0,2.0,0.5,0.2,1.3,1.7
robinor01,44.0,8.0,17.5,6.9,5.0,1.8,0.4,0.4,1.1,2.3
robinor01,9.0,0.0,6.3,2.1,1.6,1.0,0.3,0.1,0.4,0.7
robinor01,35.0,8.0,20.4,8.1,5.9,1.9,0.4,0.4,1.3,2.7
laravja01,66.0,0.0,20.4,6.9,3.9,2.4,0.9,0.3,1.3,2.0
laravja01,47.0,0.0,20.9,7.3,4.4,2.8,0.9,0.4,1.5,2.0
laravja01,19.0,0.0,19.3,6.1,2.8,1.3,0.9,0.2,0.9,2.1
dunnry01,74.0,44.0,19.1,6.9,3.6,0.8,0.6,0.5,0.5,2.2
huffja01,64.0,2.0,11.7,6.9,2.0,0.6,0.3,0.9,0.5,1.2
payneca01,72.0,5.0,15.1,6.9,1.4,2.8,0.5,0.2,0.7,1.5
reevean01,44.0,6.0,15.0,6.9,1.4,0.9,0.5,0.1,0.7,0.9
martico01,53.0,8.0,22.1,6.8,4.2,2.0,1.1,0.6,1.0,1.8
martico01,39.0,8.0,24.8,7.8,4.5,2.3,1.1,0.7,1.1,1.8
martico01,14.0,0.0,14.7,3.7,3.4,1.1,0.9,0.4,0.6,1.6
bolbo01,36.0,10.0,12.4,6.8,2.9,0.6,0.3,0.7,0.6,0.6
gordoer01,39.0,13.0,19.7,6.8,1.2,1.7,0.7,0.3,0.7,0.8
hayesja02,56.0,35.0,19.5,6.8,4.8,1.0,0.6,0.9,0.8,2.4
baglema02,10.0,4.0,25.3,6.7,7.0,1.0,0.9,1.2,0.7,1.6
jeffrda01,47.0,20.0,22.8,6.7,2.9,1.1,0.6,0.5,0.7,2.1
quinole01,13.0,0.0,14.1,6.6,1.5,1.8,0.2,0.2,1.1,1.4
quinole01,4.0,0.0,4.3,2.3,1.0,0.3,0.0,0.0,1.0,0.0
quinole01,9.0,0.0,18.4,8.6,1.7,2.6,0.3,0.2,1.1,2.0
micicva01,41.0,16.0,19.1,6.6,2.2,3.1,0.4,0.0,1.9,1.1
micicva01,36.0,16.0,21.2,7.5,2.4,3.5,0.4,0.0,2.1,1.2
micicva01,5.0,0.0,4.2,0.0,0.4,0.2,0.0,0.0,0.6,0.2
achiupr01,57.0,10.0,20.5,6.6,5.6,1.0,0.8,0.7,0.8,1.4
jackstr02,62.0,37.0,15.6,6.6,5.0,1.7,0.4,0.6,0.7,1.2
sassema01,57.0,1.0,14.2,6.6,1.2,2.3,0.6,0.1,0.9,1.3
willivi01,27.0,5.0,18.5,6.6,3.6,2.0,0.4,0.3,1.2,1.7
bryanth01,66.0,8.0,14.6,6.5,3.8,0.8,0.4,0.6,0.5,1.2
bryanth01,10.0,0.0,11.5,4.1,3.2,0.4,0.1,0.9,0.2,0.9
bryanth01,56.0,8.0,15.1,6.9,3.9,0.9,0.5,0.6,0.5,1.2
clingdo01,67.0,37.0,19.8,6.5,7.9,1.1,0.5,1.6,1.1,2.8
curryse01,68.0,14.0,15.6,6.5,1.7,0.9,0.4,0.1,0.5,0.9
highsha01,74.0,42.0,24.6,6.5,3.4,1.5,0.9,0.5,0.7,2.2
hortota01,58.0,0.0,12.5,6.5,1.7,1.4,0.4,0.2,0.7,1.0
lylestr01,69.0,5.0,19.6,6.5,4.6,1.2,0.6,0.3,0.6,1.2
mitchaj01,36.0,1.0,16.6,6.5,1.9,1.8,0.7,0.1,0.8,1.9
paytoga02,62.0,11.0,15.0,6.5,3.0,1.3,0.8,0.3,0.6,1.7
colliza01,64.0,12.0,15.3,6.4,4.5,1.7,0.5,0.5,0.9,2.1
colliza01,36.0,4.0,11.8,4.6,2.8,1.4,0.4,0.4,0.6,1.9
colliza01,28.0,8.0,19.7,8.6,6.7,2.1,0.5,0.5,1.3,2.2
dunnkr01,74.0,58.0,24.1,6.4,3.4,2.8,1.7,0.4,1.0,2.7
hollaro01,81.0,2.0,15.6,6.4,2.7,1.0,0.6,0.2,0.9,1.7
martike04,43.0,16.0,21.2,6.4,2.9,1.1,0.4,0.5,0.6,2.3
martike04,24.0,7.0,20.0,6.4,3.0,0.8,0.5,0.7,0.5,2.6
martike04,19.0,9.0,22.7,6.3,2.8,1.5,0.3,0.3,0.6,2.1
vincega01,72.0,11.0,21.2,6.4,1.3,1.4,0.7,0.2,0.6,2.1
mamuksa01,61.0,0.0,11.2,6.3,3.1,0.8,0.4,0.3,0.4,1.0
robinje02,66.0,9.0,18.8,6.3,4.8,1.3,0.6,0.1,0.8,1.2
willike04,69.0,7.0,16.4,6.3,3.5,1.4,0.6,0.1,0.6,1.6
hylanbo01,24.0,0.0,10.0,6.2,1.0,1.3,0.8,0.2,1.0,1.2
hylanbo01,20.0,0.0,11.1,7.2,1.2,1.4,0.9,0.2,1.2,1.3
hylanbo01,4.0,0.0,4.3,1.3,0.3,1.0,0.0,0.0,0.3,0.8
mogbojo01,63.0,18.0,20.4,6.2,4.9,2.3,0.9,0.5,1.1,2.2
rolliry01,56.0,19.0,14.6,6.2,1.9,1.9,0.8,0.3,0.9,1.6
smithdr01,14.0,1.0,19.1,6.2,2.6,1.6,1.5,0.4,1.2,2.1
okorois01,55.0,22.0,19.1,6.1,2.4,1.2,0.6,0.3,0.4,1.9
walkeja02,75.0,5.0,15.8,6.1,3.1,1.5,0.7,0.3,1.0,1.5
nfalyda01,4.0,0.0,12.8,6.0,5.3,0.5,0.3,1.3,0.5,2.3
gueyemo02,33.0,28.0,16.2,6.0,4.2,0.8,0.8,1.0,0.5,1.7
kornelu01,73.0,16.0,18.6,6.0,5.3,1.6,0.5,1.0,0.4,1.6
mobleis01,1.0,0.0,17.0,6.0,4.0,5.0,1.0,1.0,0.0,3.0
stewais01,72.0,4.0,19.9,6.0,5.5,1.7,0.4,1.4,0.9,2.5
wisemja01,1.0,0.0,5.0,6.0,1.0,0.0,0.0,0.0,0.0,0.0
wongis01,20.0,0.0,13.3,6.0,1.6,1.4,0.6,0.0,0.9,1.1
swideco01,10.0,0.0,16.9,5.9,2.7,0.3,0.4,0.2,0.4,1.2
swideco01,2.0,0.0,6.5,0.0,1.0,0.5,0.0,0.0,0.0,0.5
swideco01,8.0,0.0,19.5,7.4,3.1,0.3,0.5,0.3,0.5,1.4
okekech01,9.0,3.0,21.8,5.9,5.2,1.7,0.6,0.4,0.3,0.6
okekech01,7.0,3.0,24.4,6.9,6.1,1.9,0.7,0.4,0.4,0.7
okekech01,2.0,0.0,12.5,2.5,2.0,1.0,0.0,0.5,0.0,0.0
anderky01,61.0,4.0,16.4,5.9,3.4,2.4,0.7,0.5,0.6,1.3
anderky01,36.0,3.0,15.0,5.3,3.1,2.3,0.7,0.6,0.6,1.1
anderky01,25.0,1.0,18.4,6.7,3.8,2.6,0.6,0.5,0.7,1.6
fontesi01,75.0,0.0,16.5,5.9,2.9,0.9,0.4,0.2,0.7,1.3
gilleco01,33.0,9.0,14.0,5.9,2.4,2.4,0.6,0.2,0.5,0.9
salauti01,60.0,10.0,20.7,5.9,4.7,1.2,0.5,0.2,1.0,1.4
willija07,47.0,9.0,16.7,5.9,5.6,2.6,0.5,0.6,0.7,1.7
brownmo01,13.0,2.0,9.2,5.8,3.4,0.2,0.5,0.3,0.8,1.3
brownmo01,9.0,0.0,5.1,3.2,1.4,0.0,0.2,0.1,0.7,0.7
brownmo01,4.0,2.0,18.3,11.8,7.8,0.5,1.0,0.8,1.3,2.8
bonaad01,58.0,11.0,15.6,5.8,4.2,0.5,0.4,1.2,1.1,2.2
jacksqu01,28.0,7.0,13.6,5.8,1.6,1.9,0.8,0.2,0.6,1.5
williro04,20.0,3.0,17.6,5.8,5.9,1.1,0.7,1.7,0.9,1.6
diabamo01,71.0,8.0,17.5,5.7,6.2,0.8,0.6,0.6,0.9,1.5
whiteda01,20.0,0.0,12.3,5.7,1.5,0.6,0.3,0.1,0.8,1.1
shamela01,50.0,0.0,15.2,5.7,1.2,0.5,0.5,0.0,0.4,1.0
goodwjo01,29.0,5.0,18.7,5.6,3.9,1.4,1.0,0.4,0.9,1.5
miltosh01,57.0,2.0,14.7,5.5,1.8,1.8,0.4,0.1,0.7,1.2
miltosh01,27.0,1.0,18.2,7.4,1.9,2.4,0.6,0.0,0.7,1.6
miltosh01,30.0,1.0,11.5,3.9,1.8,1.3,0.3,0.1,0.7,0.8
holidaa01,62.0,3.0,12.8,5.5,1.3,1.3,0.3,0.2,0.6,1.0
greenje02,32.0,3.0,12.4,5.4,1.8,0.6,0.2,0.1,0.3,1.0
isaacjo01,71.0,1.0,15.4,5.4,4.4,0.6,0.9,1.1,0.5,1.3
wadede01,59.0,30.0,21.2,5.4,4.2,1.3,0.7,0.3,0.4,1.7
wallake01,31.0,5.0,16.2,5.4,1.6,2.6,0.9,0.3,1.1,1.3
bufkiko01,10.0,0.0,12.4,5.3,2.1,1.7,0.3,0.2,0.8,0.9
cainja01,37.0,0.0,13.6,5.3,2.3,0.6,0.6,0.2,0.6,1.2
connapa01,41.0,1.0,14.7,5.3,2.7,1.7,0.2,0.3,0.6,1.1
loveke01,23.0,9.0,10.9,5.3,4.1,1.0,0.7,0.2,0.6,0.9
sheppbe01,63.0,9.0,19.5,5.3,2.8,1.3,0.6,0.2,0.3,2.0
morrimo01,45.0,0.0,12.7,5.2,1.5,1.6,0.4,0.1,0.5,0.5
walkeja01,60.0,1.0,12.5,5.2,3.5,0.6,0.6,0.1,0.6,1.5
greenja02,68.0,19.0,18.5,5.1,3.2,0.8,1.0,0.5,0.5,1.4
greenja02,50.0,18.0,21.8,5.8,3.6,0.9,1.1,0.6,0.6,1.5
greenja02,18.0,1.0,9.2,3.3,2.2,0.6,0.6,0.1,0.2,1.2
reeseal01,15.0,0.0,14.4,5.1,3.1,0.3,0.7,0.7,0.4,1.4
reeseal01,1.0,0.0,2.0,2.0,1.0,0.0,0.0,0.0,0.0,0.0
reeseal01,14.0,0.0,15.3,5.3,3.3,0.3,0.7,0.7,0.4,1.5
biyombi01,28.0,26.0,18.9,5.1,5.6,1.1,0.6,0.8,1.0,1.9
robinmi01,17.0,3.0,17.1,5.1,5.9,0.8,0.9,1.1,0.6,1.5
joneska01,40.0,6.0,11.7,5.0,3.1,0.6,0.4,0.6,0.5,1.3
joneska01,28.0,0.0,7.4,2.2,1.6,0.4,0.2,0.5,0.4,0.8
joneska01,12.0,6.0,21.7,11.4,6.6,1.3,0.8,0.8,0.7,2.3
simmobe01,51.0,24.0,22.0,5.0,4.7,5.6,0.7,0.5,2.0,2.1
simmobe01,33.0,24.0,25.0,6.2,5.2,6.9,0.8,0.5,2.7,2.5
simmobe01,18.0,0.0,16.4,2.9,3.8,3.1,0.7,0.4,0.8,1.4
branhma01,47.0,0.0,9.1,5.0,1.1,0.8,0.2,0.0,0.7,0.6
quetane01,62.0,6.0,13.9,5.0,3.8,0.7,0.3,0.7,0.6,1.7
willial06,1.0,0.0,4.0,5.0,0.0,1.0,0.0,0.0,0.0,0.0
martija02,16.0,0.0,14.9,4.9,2.8,1.1,0.6,0.0,0.8,0.9
martija02,3.0,0.0,1.7,1.0,0.0,0.0,0.0,0.0,0.0,0.3
martija02,13.0,0.0,18.0,5.8,3.4,1.3,0.7,0.0,0.9,1.0
waterli01,52.0,9.0,15.0,4.9,2.1,1.0,0.5,0.2,0.4,1.2
waterli01,38.0,9.0,17.2,5.5,2.5,1.1,0.6,0.3,0.4,1.4
waterli01,14.0,0.0,8.8,3.4,1.0,0.7,0.4,0.1,0.2,0.5
queentr01,31.0,2.0,13.9,4.9,1.7,1.2,1.0,0.3,0.7,1.2
landajo01,42.0,3.0,11.9,4.8,3.3,0.9,0.3,0.2,0.5,1.2
castlco01,26.0,4.0,16.6,4.7,4.7,1.1,0.3,0.4,0.9,2.0
castlco01,10.0,0.0,4.6,1.4,0.9,0.0,0.1,0.1,0.1,0.6
castlco01,11.0,4.0,26.2,7.2,6.9,1.6,0.5,0.7,1.9,2.9
castlco01,5.0,0.0,19.6,6.0,7.4,2.0,0.2,0.2,0.2,2.6
hendrta01,3.0,3.0,25.0,4.7,5.0,0.7,1.7,1.3,0.7,2.7
roddyda01,33.0,3.0,12.4,4.6,2.5,1.1,0.4,0.3,0.7,0.6
roddyda01,27.0,3.0,12.8,4.5,2.6,1.1,0.4,0.3,0.7,0.7
roddyda01,3.0,0.0,9.7,6.0,3.0,1.0,0.7,0.0,0.3,0.3
roddyda01,3.0,0.0,11.7,4.3,1.7,0.7,0.0,0.3,0.3,0.3
eubandr01,61.0,4.0,12.2,4.6,3.7,0.9,0.2,0.6,0.7,1.0
eubandr01,37.0,4.0,15.4,5.8,4.5,1.2,0.3,0.9,0.8,1.2
eubandr01,24.0,0.0,7.4,2.7,2.4,0.4,0.1,0.3,0.4,0.7
larsspe01,55.0,8.0,14.2,4.6,1.7,1.2,0.6,0.1,0.4,1.7
phillju01,79.0,5.0,14.2,4.6,2.1,0.5,0.5,0.3,0.3,1.4
willico04,50.0,21.0,21.2,4.6,2.3,1.2,0.5,0.3,0.9,1.9
dilliro01,49.0,1.0,10.5,4.5,1.0,2.0,0.4,0.0,1.1,0.8
howarje01,60.0,0.0,11.7,4.5,1.2,0.7,0.2,0.2,0.6,1.1
looneke01,76.0,6.0,15.0,4.5,6.1,1.6,0.6,0.5,0.5,2.0
plumlma01,74.0,21.0,17.6,4.5,6.1,1.8,0.4,0.6,0.8,2.1
terryda01,73.0,5.0,13.5,4.5,1.7,1.3,0.6,0.2,0.7,1.6
baglema01,31.0,2.0,8.5,4.4,2.7,0.4,0.3,0.3,0.4,0.6
baglema01,19.0,1.0,8.7,4.9,2.9,0.4,0.4,0.3,0.6,0.6
baglema01,12.0,1.0,8.3,3.6,2.3,0.3,0.2,0.3,0.1,0.5
bassech01,36.0,1.0,10.4,4.4,4.2,0.5,0.4,0.8,0.6,1.4
bradlto01,14.0,0.0,8.1,4.4,3.0,0.4,0.1,0.6,0.4,0.8
jacksre01,31.0,1.0,12.4,4.4,1.4,1.5,0.5,0.1,0.5,1.1
sheppre01,52.0,3.0,12.6,4.4,1.5,1.4,0.7,0.3,0.7,1.0
stevela01,17.0,1.0,9.1,4.4,2.2,0.5,0.3,0.2,0.6,0.9
bambamo01,32.0,2.0,12.9,4.3,4.5,0.6,0.3,1.0,0.6,1.8
bambamo01,28.0,2.0,12.6,4.6,4.3,0.6,0.3,1.0,0.7,1.8
bambamo01,4.0,0.0,15.3,2.5,6.3,0.5,0.0,0.8,0.3,1.8
carteje01,36.0,1.0,8.9,4.3,1.1,1.1,0.4,0.1,0.3,0.4
pottemi01,38.0,10.0,18.6,4.3,4.3,0.8,0.4,0.4,0.8,1.3
shannte01,32.0,1.0,10.6,4.3,1.5,1.0,0.2,0.2,0.5,0.8
theisda01,38.0,9.0,16.3,4.3,4.3,1.6,0.5,0.5,0.7,1.8
craigto01,26.0,4.0,12.1,4.2,2.8,0.7,0.3,0.5,0.3,1.3
craigto01,9.0,1.0,12.6,6.9,2.8,0.6,0.2,0.1,0.0,1.7
craigto01,17.0,3.0,11.8,2.7,2.8,0.7,0.4,0.6,0.5,1.1
moorewe01,36.0,1.0,13.9,4.2,2.6,1.2,0.6,0.1,0.8,0.9
moorewe01,20.0,1.0,11.0,3.2,2.2,1.2,0.5,0.2,0.5,0.8
moorewe01,16.0,0.0,17.5,5.4,3.2,1.2,0.6,0.1,1.1,1.0
barlodo01,35.0,4.0,10.7,4.2,2.4,0.5,0.3,0.5,0.1,1.3
edwarke02,40.0,18.0,15.2,4.2,2.9,1.1,0.5,0.5,0.4,1.6
ighodos01,61.0,6.0,17.1,4.2,3.6,1.2,0.5,0.5,0.6,1.7
murrakr01,69.0,6.0,15.1,4.2,2.6,1.0,0.5,0.2,0.6,1.0
reathdu01,46.0,0.0,10.2,4.2,2.0,0.6,0.3,0.3,0.3,0.9
spencca01,25.0,1.0,10.1,4.2,1.2,1.4,0.4,0.0,0.2,0.9
lewisma05,28.0,1.0,11.7,4.1,2.0,0.7,0.3,0.3,0.5,1.0
lewisma05,7.0,0.0,4.1,0.6,0.3,0.3,0.1,0.0,0.3,0.1
lewisma05,21.0,1.0,14.2,5.3,2.5,0.8,0.4,0.3,0.6,1.3
clarkja02,40.0,4.0,13.1,4.1,1.3,0.7,0.9,0.1,0.2,1.5
houstca01,58.0,6.0,13.6,4.1,1.3,0.6,0.4,0.1,0.2,1.1
millejo02,37.0,0.0,11.4,4.1,1.6,0.9,0.5,0.1,0.7,0.7
pickeja02,49.0,4.0,13.6,4.1,1.4,2.2,0.4,0.1,0.5,0.8
reedpa01,45.0,0.0,9.7,4.1,2.7,1.0,0.9,0.6,0.6,1.7
santogu01,56.0,2.0,13.6,4.1,3.1,1.4,0.4,0.2,0.8,1.6
vandeja01,36.0,2.0,16.1,4.1,5.1,1.1,1.0,0.3,0.8,1.9
jonesco02,39.0,0.0,13.2,4.0,2.2,1.1,0.7,0.3,0.6,0.9
jonesco02,24.0,0.0,5.4,1.1,1.0,0.3,0.3,0.3,0.3,0.5
jonesco02,15.0,0.0,25.7,8.7,4.3,2.5,1.3,0.4,1.1,1.6
batumni01,78.0,8.0,17.5,4.0,2.8,1.1,0.7,0.5,0.4,1.4
flynnma01,4.0,0.0,11.0,4.0,1.8,1.8,0.8,0.0,1.0,1.0
harpero02,1.0,0.0,17.0,4.0,7.0,2.0,0.0,0.0,0.0,0.0
richajo01,8.0,0.0,18.8,4.0,1.5,1.5,1.0,0.1,1.0,2.1
adamsst01,58.0,3.0,13.7,3.9,5.6,1.1,0.4,0.5,0.9,1.0
lowryky01,35.0,12.0,18.8,3.9,1.9,2.7,0.9,0.3,0.6,1.8
prospol01,52.0,4.0,11.2,3.9,2.4,0.8,0.5,0.1,0.3,0.5
millspa02,29.0,0.0,11.1,3.8,0.8,0.9,0.4,0.1,0.6,0.8
millspa02,17.0,0.0,15.3,4.4,1.2,1.2,0.7,0.2,0.9,0.7
millspa02,12.0,0.0,5.1,3.1,0.1,0.4,0.1,0.0,0.1,1.0
carlsbr01,32.0,0.0,7.7,3.8,1.7,0.4,0.2,0.7,0.2,0.7
cartede02,36.0,0.0,11.0,3.8,2.1,1.1,0.6,0.1,0.5,1.1
diengou01,37.0,1.0,10.9,3.8,2.2,0.8,0.5,0.2,0.5,0.9
morrima02,15.0,2.0,11.0,3.7,1.5,1.4,0.1,0.2,0.3,1.1
morrima02,7.0,0.0,5.9,1.7,1.1,0.6,0.1,0.1,0.3,0.3
morrima02,8.0,2.0,15.5,5.5,1.9,2.1,0.1,0.3,0.4,1.8
batesem01,10.0,0.0,7.5,3.7,0.7,0.8,0.1,0.1,0.2,0.4
jordade01,56.0,5.0,12.3,3.7,5.1,0.9,0.3,0.5,0.7,1.3
portecr01,51.0,1.0,10.1,3.7,1.3,1.4,0.3,0.3,0.7,0.5
roweja01,6.0,0.0,8.7,3.7,1.8,0.7,0.7,0.0,0.2,0.7
weslebl01,58.0,0.0,11.8,3.7,1.1,2.0,0.6,0.1,0.9,0.8
thorjt01,20.0,0.0,12.5,3.6,2.4,0.3,0.4,0.5,0.5,0.9
thorjt01,9.0,0.0,4.7,3.1,0.7,0.1,0.2,0.3,0.7,0.7
thorjt01,11.0,0.0,18.8,3.9,3.8,0.5,0.5,0.5,0.3,1.0
scheiba01,31.0,2.0,12.4,3.6,2.1,1.1,0.5,0.1,0.4,0.7
tateja01,52.0,2.0,11.3,3.6,2.3,0.9,0.5,0.1,0.4,1.6
tysonja01,47.0,3.0,9.6,3.6,2.0,0.9,0.3,0.1,0.6,1.1
paytoel01,24.0,9.0,21.3,3.5,3.3,6.9,1.0,0.5,2.5,1.5
paytoel01,18.0,7.0,21.6,4.4,3.7,8.1,1.0,0.4,2.9,1.3
paytoel01,6.0,2.0,20.5,1.0,2.2,3.3,1.0,0.5,1.2,2.0
garzalu01,39.0,0.0,5.6,3.5,1.4,0.3,0.2,0.1,0.3,0.7
josepco01,50.0,16.0,12.2,3.5,1.5,1.4,0.5,0.1,0.4,1.0
mcderdo01,42.0,3.0,8.1,3.5,0.5,0.2,0.1,0.0,0.1,0.7
saricda01,16.0,4.0,13.1,3.5,3.1,1.4,0.4,0.1,0.9,1.2
bouyeja01,5.0,1.0,12.4,3.4,1.0,2.0,0.8,0.4,1.6,0.4
fernabr01,17.0,2.0,8.6,3.4,3.0,1.1,0.2,0.5,0.8,1.6
jacksan01,67.0,43.0,14.6,3.4,2.7,1.2,0.5,0.2,0.9,1.7
jonesis01,40.0,0.0,7.6,3.4,1.4,0.3,0.1,0.3,0.4,0.8
knoxke01,14.0,0.0,6.0,3.3,1.2,0.4,0.1,0.3,0.3,0.4
leeda03,25.0,0.0,5.8,3.3,0.8,0.4,0.2,0.0,0.4,0.2
willije02,20.0,0.0,7.4,3.3,0.7,0.5,0.4,0.2,0.7,0.8
harklej01,10.0,0.0,13.8,3.2,2.1,0.8,1.0,0.1,0.3,1.8
nnajize01,57.0,4.0,10.7,3.2,1.6,0.4,0.4,0.7,0.2,1.1
reddica01,33.0,8.0,17.8,3.2,2.0,0.7,1.0,0.3,0.4,1.3
wrighde01,40.0,7.0,15.9,3.1,1.7,1.9,0.9,0.3,0.6,0.6
wrighde01,26.0,2.0,15.6,2.5,1.8,1.8,0.9,0.3,0.5,0.7
wrighde01,14.0,5.0,16.4,4.3,1.4,2.1,0.9,0.2,0.6,0.6
kelleky01,11.0,2.0,11.5,3.1,3.5,0.5,0.1,0.3,0.4,1.4
kelleky01,8.0,1.0,8.4,3.0,2.6,0.3,0.0,0.3,0.1,1.0
kelleky01,3.0,1.0,19.7,3.3,6.0,1.0,0.3,0.3,1.0,2.3
harriga01,48.0,3.0,14.8,3.0,1.3,0.6,0.5,0.3,0.4,0.9
klebima01,34.0,4.0,18.7,3.0,2.8,1.3,0.3,0.5,0.7,1.9
mooreta02,2.0,0.0,10.0,3.0,4.0,0.5,1.0,0.0,1.0,0.0
ruperra01,52.0,0.0,8.8,3.0,1.3,0.5,0.3,0.1,0.6,0.7
tuckepj01,3.0,1.0,19.3,3.0,2.7,0.0,0.3,0.3,0.3,2.7
nancepe01,13.0,1.0,10.6,2.9,1.6,0.8,0.2,0.2,0.3,1.3
nancepe01,7.0,0.0,9.7,2.1,1.4,0.4,0.1,0.0,0.0,1.4
nancepe01,6.0,1.0,11.7,3.8,1.8,1.2,0.2,0.3,0.7,1.2
fultzma01,21.0,0.0,8.8,2.9,1.0,1.3,0.5,0.1,0.7,0.6
gibsota01,37.0,11.0,11.1,2.9,3.2,0.6,0.2,0.5,0.7,1.5
smithty02,23.0,0.0,5.3,2.9,1.1,0.2,0.1,0.2,0.3,0.5
dennira01,11.0,0.0,6.4,2.7,1.1,1.3,0.6,0.2,0.5,0.6
dukeda01,6.0,0.0,5.7,2.7,0.8,0.7,0.2,0.0,0.3,0.2
johnske10,16.0,0.0,6.1,2.7,1.8,0.3,0.3,0.3,0.3,0.7
beekmre01,36.0,4.0,13.0,2.6,1.1,1.8,0.9,0.1,0.6,1.0
beekmre01,2.0,0.0,2.0,1.0,0.5,0.5,0.5,0.0,0.0,0.5
beekmre01,34.0,4.0,13.7,2.7,1.1,1.8,0.9,0.1,0.6,1.0
crowdja01,9.0,2.0,11.4,2.6,2.2,0.7,0.3,0.0,0.4,1.1
minotjo01,46.0,0.0,6.0,2.6,1.0,0.4,0.3,0.3,0.2,0.7
tysonhu01,51.0,2.0,7.8,2.6,1.5,0.4,0.2,0.1,0.3,0.9
sprinja01,43.0,2.0,8.5,2.5,1.3,0.8,0.6,0.1,0.4,1.0
sprinja01,26.0,0.0,5.4,1.7,0.9,0.4,0.5,0.0,0.2,0.7
sprinja01,17.0,2.0,13.2,3.8,2.0,1.4,0.7,0.2,0.7,1.5
jemistr01,38.0,0.0,10.3,2.5,2.8,0.4,0.2,0.4,0.6,1.8
jemistr01,16.0,0.0,10.4,2.4,2.8,0.6,0.4,0.4,0.6,1.7
jemistr01,22.0,0.0,10.3,2.6,2.8,0.3,0.1,0.4,0.6,1.9
gillan01,51.0,0.0,7.8,2.5,1.3,0.3,0.2,0.0,0.2,0.6
jonesdi01,54.0,3.0,10.2,2.5,2.2,1.1,0.3,0.1,0.5,1.0
spencpa01,39.0,0.0,6.4,2.5,1.2,1.2,0.4,0.1,0.5,0.5
davisjo06,34.0,0.0,7.1,2.4,1.1,0.3,0.4,0.2,0.2,0.5
kolokch01,37.0,0.0,9.2,2.4,2.5,0.4,0.2,0.4,0.3,1.2
konchjo01,46.0,4.0,12.1,2.4,3.3,0.9,0.7,0.3,0.3,0.7
beaucma01,35.0,0.0,4.5,2.3,1.3,0.3,0.1,0.0,0.4,0.4
beaucma01,26.0,0.0,4.7,2.0,1.2,0.3,0.1,0.0,0.5,0.4
beaucma01,3.0,0.0,5.7,4.0,1.0,0.7,0.0,0.0,0.3,0.7
beaucma01,6.0,0.0,2.8,2.5,1.5,0.2,0.2,0.0,0.2,0.3
jamesbr02,27.0,1.0,6.7,2.3,0.7,0.8,0.3,0.1,0.5,0.5
jonesma05,10.0,0.0,4.5,2.3,0.9,1.1,0.0,0.1,0.1,0.3
norrimi01,3.0,0.0,11.7,2.3,3.0,0.0,0.7,0.3,0.0,0.0
baldwpa01,24.0,0.0,4.5,2.2,1.0,0.1,0.1,0.1,0.2,0.3
baldwpa01,22.0,0.0,4.6,2.1,1.0,0.1,0.1,0.1,0.2,0.2
baldwpa01,2.0,0.0,3.0,3.0,1.5,0.5,0.0,0.0,0.0,1.0
peterdr01,25.0,1.0,7.4,2.2,1.6,0.5,0.2,0.1,0.3,0.7
washity02,16.0,0.0,7.4,2.2,0.8,1.0,0.2,0.0,0.2,0.3
mclaujo01,46.0,0.0,6.8,2.1,0.7,1.1,0.3,0.0,0.3,0.4
mclaujo01,28.0,0.0,6.8,1.9,0.8,0.9,0.4,0.0,0.4,0.5
mclaujo01,18.0,0.0,6.9,2.5,0.5,1.5,0.3,0.1,0.3,0.3
davisjd01,16.0,0.0,5.8,2.1,0.8,0.8,0.3,0.1,0.8,0.1
duartch01,17.0,0.0,4.4,2.1,1.2,0.5,0.0,0.0,0.1,0.4
freemen01,22.0,1.0,8.2,2.1,1.4,0.4,0.1,0.1,0.3,1.0
furphjo01,50.0,0.0,7.6,2.1,1.4,0.4,0.4,0.2,0.2,0.8
poweldw01,55.0,3.0,10.0,2.1,2.1,1.0,0.3,0.4,0.3,1.4
chrisjo01,14.0,0.0,4.9,2.0,0.6,0.6,0.4,0.2,0.4,0.1
kolekty01,41.0,0.0,7.2,2.0,0.7,1.7,0.3,0.1,0.4,0.6
sanogad01,4.0,0.0,5.3,2.0,1.5,0.3,0.0,0.0,0.3,0.3
brownko01,40.0,0.0,6.8,1.9,1.6,0.6,0.2,0.1,0.3,0.6
hukpoar01,25.0,1.0,8.7,1.9,2.0,0.4,0.0,0.6,0.8,1.3
klintbo01,8.0,0.0,5.3,1.9,0.9,0.9,0.3,0.1,0.1,1.0
templga01,28.0,0.0,8.1,1.9,1.0,1.1,0.6,0.1,0.4,0.8
simsje01,53.0,5.0,11.9,1.8,3.7,0.6,0.2,0.4,0.6,1.2
simsje01,39.0,5.0,10.8,1.6,3.3,0.6,0.2,0.3,0.5,1.2
simsje01,14.0,0.0,15.0,2.4,4.9,0.8,0.1,0.6,0.9,1.4
cancavl01,13.0,0.0,10.5,1.8,2.5,0.7,0.2,0.2,0.8,0.8
flaglad01,37.0,0.0,5.5,1.8,0.7,0.3,0.2,0.1,0.1,0.4
flowetr01,6.0,0.0,4.5,1.8,0.7,0.0,0.0,0.0,0.2,0.7
liddeej01,12.0,0.0,4.4,1.8,0.8,0.3,0.1,0.1,0.2,0.9
youngja05,6.0,0.0,5.0,1.8,0.5,1.0,0.0,0.0,0.2,0.3
dadiepa01,18.0,0.0,6.2,1.7,1.0,0.3,0.2,0.1,0.2,0.4
ducasal01,21.0,0.0,6.0,1.7,1.2,0.2,0.2,0.0,0.2,0.6
hallpj01,19.0,0.0,3.5,1.7,1.2,0.2,0.0,0.2,0.1,0.6
milleem01,6.0,0.0,4.2,1.7,1.3,0.3,0.2,0.0,0.0,0.5
thomptr01,40.0,0.0,8.2,1.7,3.4,0.6,0.1,0.3,0.4,0.9
lenal01,46.0,7.0,8.3,1.6,2.1,0.8,0.2,0.5,0.4,1.2
lenal01,36.0,3.0,7.2,1.4,1.8,0.8,0.2,0.5,0.3,1.0
lenal01,10.0,4.0,12.2,2.2,3.1,0.8,0.1,0.3,0.9,2.1
kawamyu01,22.0,0.0,4.2,1.6,0.5,0.9,0.1,0.0,0.2,0.4
mcveija01,9.0,0.0,4.8,1.6,0.6,0.1,0.0,0.2,0.2,0.3
armeltr01,9.0,0.0,7.4,1.6,1.7,0.1,0.4,0.2,0.3,0.7
walshjo01,52.0,1.0,7.8,1.6,1.3,0.4,0.2,0.2,0.3,0.6
wheelph02,5.0,0.0,8.8,1.6,1.6,0.4,0.2,0.4,0.2,0.2
cissosi01,22.0,0.0,5.2,1.5,1.0,0.7,0.1,0.0,0.5,0.5
cissosi01,17.0,0.0,3.2,1.3,0.6,0.4,0.1,0.0,0.1,0.4
cissosi01,5.0,0.0,12.0,2.0,2.2,1.8,0.2,0.2,1.8,0.8
gortmja01,16.0,0.0,3.6,1.5,0.3,0.4,0.1,0.1,0.3,0.6
mcculke01,4.0,0.0,7.3,1.5,2.0,0.5,0.3,0.3,0.0,1.5
millele01,13.0,0.0,2.5,1.5,0.8,0.0,0.2,0.1,0.2,0.2
olivaqu01,2.0,0.0,5.0,1.5,0.0,0.5,0.0,0.0,0.5,0.0
ryanma01,19.0,0.0,3.6,1.5,0.4,0.2,0.1,0.0,0.2,0.1
toppija01,17.0,0.0,4.5,1.4,0.9,0.4,0.1,0.0,0.2,0.2
toppija01,16.0,0.0,3.1,0.4,0.7,0.3,0.1,0.0,0.1,0.2
toppija01,1.0,0.0,27.0,17.0,4.0,2.0,0.0,0.0,1.0,0.0
chrisca02,13.0,0.0,4.5,1.4,0.9,0.5,0.4,0.1,0.2,0.3
livinch01,21.0,1.0,5.0,1.4,1.7,0.2,0.2,0.0,0.3,0.4
alexatr01,24.0,0.0,4.9,1.3,0.5,0.5,0.1,0.0,0.2,0.4
jonessp01,20.0,0.0,6.3,1.3,0.9,0.3,0.3,0.3,0.3,0.9
labissk01,4.0,0.0,3.0,1.3,0.8,0.3,0.0,0.0,0.0,0.3
bridgja01,8.0,0.0,3.8,1.1,0.5,0.0,0.0,0.0,0.5,0.0
colliyu01,2.0,0.0,8.0,1.0,1.5,2.0,1.0,0.0,0.0,2.5
jenkida01,7.0,0.0,3.3,1.0,0.3,0.4,0.0,0.0,0.1,0.3
keybr01,3.0,0.0,3.7,1.0,0.7,0.0,0.7,0.0,0.3,0.0
mcgowbr01,13.0,0.0,2.5,1.0,0.2,0.2,0.1,0.0,0.3,0.2
tillmxa01,33.0,2.0,7.0,1.0,1.3,0.2,0.3,0.2,0.4,0.5
travelu01,12.0,0.0,7.3,1.0,1.7,0.7,0.1,0.1,0.7,0.5
crawfis01,15.0,0.0,3.1,0.9,0.5,0.1,0.1,0.1,0.1,0.1
minayju01,19.0,0.0,5.3,0.9,0.5,0.4,0.3,0.1,0.3,0.6
watsoan02,9.0,0.0,2.4,0.9,0.3,0.2,0.1,0.0,0.2,0.3
cartodj01,4.0,0.0,8.3,0.8,1.0,0.8,0.5,0.0,1.0,0.3
doziepj01,9.0,0.0,3.9,0.8,0.6,0.6,0.1,0.0,0.1,0.3
inglejo01,19.0,1.0,6.0,0.8,0.6,1.2,0.1,0.0,0.5,0.6
ingraha01,5.0,0.0,7.0,0.8,1.8,0.6,0.6,0.0,0.2,0.4
chomcul01,7.0,0.0,4.6,0.7,1.1,0.3,0.0,0.1,0.3,0.7
johnsja01,12.0,0.0,3.1,0.7,0.5,0.3,0.0,0.2,0.3,0.4
robbili01,13.0,0.0,4.4,0.7,0.9,0.2,0.2,0.2,0.5,0.7
umudest01,22.0,0.0,3.9,0.7,0.8,0.2,0.1,0.3,0.1,0.4
cuiyo01,5.0,0.0,2.0,0.6,0.4,0.0,0.0,0.0,0.0,0.0
newtotr01,8.0,0.0,2.0,0.4,0.5,0.3,0.1,0.0,0.3,0.5
newtotr01,5.0,0.0,1.6,0.6,0.0,0.2,0.0,0.0,0.2,0.4
newtotr01,3.0,0.0,2.7,0.0,1.3,0.3,0.3,0.0,0.3,0.7
leonsma01,6.0,0.0,3.5,0.3,0.5,0.2,0.0,0.0,0.2,0.7
nixda01,3.0,0.0,4.3,0.3,1.3,1.0,0.0,0.0,1.3,0.3
daviste02,1.0,0.0,8.0,0.0,1.0,1.0,0.0,0.0,0.0,0.0
edwarje01,2.0,0.0,2.5,0.0,0.0,0.5,0.0,0.0,0.0,1.0
mccluma01,2.0,0.0,5.0,0.0,0.5,1.5,0.0,0.0,0.0,1.0
mcdanja01,4.0,0.0,1.8,0.0,0.0,0.3,0.3,0.0,0.0,0.0
minixri01,1.0,0.0,7.0,0.0,2.0,0.0,0.0,0.0,0.0,0.0
okafoja01,1.0,0.0,3.0,0.0,1.0,1.0,0.0,0.0,0.0,0.0
pullizy01,3.0,0.0,1.0,0.0,0.0,0.0,0.0,0.0,0.0,0.0
steveis01,3.0,0.0,2.0,0.0,0.7,0.0,0.3,0.0,0.0,0.0
taylote01,3.0,0.0,2.0,0.0,0.3,0.7,0.0,0.0,0.0,0.0
-9999,,,,,,,,,,
