PlayerID,Player,Age,Pos,TeamID
gilgesh01,Shai Gilgeous-Alexander,26.0,PG,OKC
antetgi01,Giannis Antetokounmpo,30.0,PF,MIL
jokicni01,Nikola Jokić,29.0,C,DEN
doncilu01,Luka Dončić,25.0,PG,2TM
doncilu01,Luka Dončić,25.0,PG,DAL
doncilu01,Luka Dončić,25.0,PG,LAL
edwaran01,Anthony Edwards,23.0,SG,MIN
tatumja01,Jayson Tatum,26.0,PF,BOS
duranke01,Kevin Durant,36.0,PF,PHO
maxeyty01,Tyrese Maxey,24.0,PG,PHI
cunnica01,Cade Cunningham,23.0,PG,DET
brunsja01,Jalen Brunson,28.0,PG,NYK
banchpa01,Paolo Banchero,22.0,PF,ORL
bookede01,Devin Booker,28.0,SG,PHO
ballla01,LaMelo Ball,23.0,PG,CHO
lillada01,Damian Lillard,34.0,PG,MIL
davisan02,Anthony Davis,31.0,C,2TM
davisan02,Anthony Davis,31.0,C,LAL
davisan02,Anthony Davis,31.0,PF,DAL
irvinky01,Kyrie Irving,32.0,SG,DAL
willizi01,Zion Williamson,24.0,PF,NOP
curryst01,Stephen Curry,36.0,PG,GSW
jamesle01,LeBron James,40.0,SF,LAL
townska01,Karl-Anthony Towns,29.0,C,NYK
wembavi01,Victor Wembanyama,21.0,C,SAS
wagnefr01,Franz Wagner,23.0,SF,ORL
youngtr01,Trae Young,26.0,PG,ATL
mitchdo01,Donovan Mitchell,28.0,SG,CLE
thomaca02,Cam Thomas,23.0,SG,BRK
herroty01,Tyler Herro,25.0,SG,MIA
embiijo01,Joel Embiid,30.0,C,PHI
foxde01,De'Aaron Fox,27.0,PG,2TM
foxde01,De'Aaron Fox,27.0,PG,SAC
foxde01,De'Aaron Fox,27.0,PG,SAS
lavinza01,Zach LaVine,29.0,SG,2TM
lavinza01,Zach LaVine,29.0,SF,CHI
lavinza01,Zach LaVine,29.0,SG,SAC
moranja01,Ja Morant,25.0,PG,MEM
hardeja01,James Harden,35.0,PG,LAC
brownja02,Jaylen Brown,28.0,SF,BOS
derozde01,DeMar DeRozan,35.0,SF,SAC
ingrabr01,Brandon Ingram,27.0,SF,NOP
jacksja02,Jaren Jackson Jr.,25.0,C,MEM
powelno01,Norman Powell,31.0,SG,LAC
willija06,Jalen Williams,23.0,SG,OKC
leonaka01,Kawhi Leonard,33.0,SF,LAC
murraja01,Jamal Murray,27.0,PG,DEN
murphtr02,Trey Murphy III,24.0,SF,NOP
barrerj01,RJ Barrett,24.0,SF,TOR
mccolcj01,CJ McCollum,33.0,PG,NOP
greenja05,Jalen Green,22.0,SG,HOU
millebr02,Brandon Miller,22.0,SF,CHO
garlada01,Darius Garland,25.0,PG,CLE
poolejo01,Jordan Poole,25.0,SG,WAS
whiteco01,Coby White,24.0,SG,CHI
bridgmi02,Miles Bridges,26.0,PF,CHO
reaveau01,Austin Reaves,26.0,SG,LAL
siakapa01,Pascal Siakam,30.0,PF,IND
porzikr01,Kristaps Porziņģis,29.0,C,BOS
barnesc01,Scottie Barnes,23.0,PF,TOR
simonan01,Anfernee Simons,25.0,SG,POR
banede01,Desmond Bane,26.0,SG,MEM
sabondo01,Domantas Sabonis,28.0,C,SAC
sengual01,Alperen Şengün,22.0,C,HOU
collijo01,John Collins,27.0,PF,UTA
markkla01,Lauri Markkanen,27.0,PF,UTA
johnsja05,Jalen Johnson,23.0,SF,ATL
johnsca02,Cameron Johnson,28.0,PF,BRK
randlju01,Julius Randle,30.0,PF,MIN
halibty01,Tyrese Haliburton,24.0,PG,IND
mobleev01,Evan Mobley,23.0,PF,CLE
sharpsh01,Shaedon Sharpe,21.0,SG,POR
vucevni01,Nikola Vučević,34.0,C,CHI
sextoco01,Collin Sexton,26.0,SG,UTA
portemi01,Michael Porter Jr.,26.0,SF,DEN
adebaba01,Bam Adebayo,27.0,C,MIA
wiggian01,Andrew Wiggins,29.0,SF,2TM
wiggian01,Andrew Wiggins,29.0,SF,GSW
wiggian01,Andrew Wiggins,29.0,SF,MIA
anunoog01,OG Anunoby,27.0,PF,NYK
bridgmi01,Mikal Bridges,28.0,SF,NYK
iveyja01,Jaden Ivey,22.0,SG,DET
butleji01,Jimmy Butler,35.0,SF,2TM
butleji01,Jimmy Butler,35.0,PF,MIA
butleji01,Jimmy Butler,35.0,SF,GSW
murrade01,Dejounte Murray,28.0,PG,NOP
monkma01,Malik Monk,26.0,SG,SAC
quickim01,Immanuel Quickley,25.0,PG,TOR
huntede01,De'Andre Hunter,27.0,SF,2TM
huntede01,De'Andre Hunter,27.0,SF,ATL
huntede01,De'Andre Hunter,27.0,SF,CLE
bealbr01,Bradley Beal,31.0,SG,PHO
avdijde01,Deni Avdija,24.0,SF,POR
georgke01,Keyonte George,21.0,PG,UTA
zubaciv01,Ivica Zubac,27.0,C,LAC
whitede01,Derrick White,30.0,SG,BOS
beaslma01,Malik Beasley,28.0,SG,DET
vassede01,Devin Vassell,24.0,SG,SAS
clarkjo01,Jordan Clarkson,32.0,SG,UTA
georgpa01,Paul George,34.0,PF,PHI
suggsja01,Jalen Suggs,23.0,PG,ORL
mathube01,Bennedict Mathurin,22.0,SF,IND
turnemy01,Myles Turner,28.0,C,IND
braunch01,Christian Braun,23.0,SG,DEN
kuminjo01,Jonathan Kuminga,22.0,PF,GSW
mccaija01,Jared McCain,20.0,SG,PHI
willima07,Mark Williams,23.0,C,CHO
oubreke01,Kelly Oubre Jr.,29.0,SF,PHI
holmgch01,Chet Holmgren,22.0,C,OKC
kuzmaky01,Kyle Kuzma,29.0,PF,2TM
kuzmaky01,Kyle Kuzma,29.0,PF,WAS
kuzmaky01,Kyle Kuzma,29.0,PF,MIL
castlst01,Stephon Castle,20.0,SG,SAS
gordoaa01,Aaron Gordon,29.0,PF,DEN
washipj01,P.J. Washington,26.0,PF,DAL
grimequ01,Quentin Grimes,24.0,SG,2TM
grimequ01,Quentin Grimes,24.0,SG,DAL
grimequ01,Quentin Grimes,24.0,SG,PHI
giddejo01,Josh Giddey,22.0,PG,CHI
poeltja01,Jakob Poeltl,29.0,C,TOR
aytonde01,Deandre Ayton,26.0,C,POR
dickgr01,Gradey Dick,21.0,SG,TOR
grantje01,Jerami Grant,30.0,PF,POR
pritcpa01,Payton Pritchard,27.0,PG,BOS
reidna01,Naz Reid,25.0,C,MIN
daniedy01,Dyson Daniels,21.0,SG,ATL
manntr01,Tre Mann,23.0,PG,CHO
thompam01,Amen Thompson,22.0,SF,HOU
vanvlfr01,Fred VanVleet,30.0,PG,HOU
brookdi01,Dillon Brooks,29.0,SF,HOU
smithto05,Tolu Smith,24.0,PF,DET
thompkl01,Klay Thompson,34.0,SF,DAL
portibo01,Bobby Portis,29.0,PF,MIL
harrito02,Tobias Harris,32.0,PF,DET
hartjo01,Josh Hart,29.0,SG,NYK
allenja01,Jarrett Allen,26.0,C,CLE
okongon01,Onyeka Okongwu,24.0,C,ATL
westbru01,Russell Westbrook,36.0,PG,DEN
marshna01,Naji Marshall,27.0,SF,DAL
schrode01,Dennis Schröder,31.0,PG,3TM
schrode01,Dennis Schröder,31.0,PG,BRK
schrode01,Dennis Schröder,31.0,SG,GSW
schrode01,Dennis Schröder,31.0,PG,DET
hachiru01,Rui Hachimura,26.0,PF,LAL
lopezbr01,Brook Lopez,36.0,C,MIL
sarral01,Alex Sarr,19.0,C,WAS
wagnemo01,Moritz Wagner,27.0,C,ORL
brogdma01,Malcolm Brogdon,32.0,PG,WAS
hendesc01,Scoot Henderson,20.0,PG,POR
johnske04,Keldon Johnson,25.0,SF,SAS
russeda01,D'Angelo Russell,28.0,PG,2TM
russeda01,D'Angelo Russell,28.0,PG,LAL
russeda01,D'Angelo Russell,28.0,PG,BRK
risacza01,Zaccharie Risacher,19.0,SF,ATL
aldamsa01,Santi Aldama,24.0,PF,MEM
jeromty01,Ty Jerome,27.0,SG,CLE
murrake02,Keegan Murray,24.0,PF,SAC
walkelo01,Lonnie Walker IV,26.0,SG,PHI
barneha02,Harrison Barnes,32.0,PF,SAS
coulibi01,Bilal Coulibaly,20.0,SF,WAS
dosunay01,Ayo Dosunmu,25.0,SG,CHI
gaffoda01,Daniel Gafford,26.0,C,DAL
mcdanja02,Jaden McDaniels,24.0,PF,MIN
smithja05,Jabari Smith Jr.,21.0,PF,HOU
leverca01,Caris LeVert,30.0,SG,2TM
leverca01,Caris LeVert,30.0,SF,CLE
leverca01,Caris LeVert,30.0,SG,ATL
timmedr01,Drew Timme,24.0,PF,BRK
easonta01,Tari Eason,23.0,PF,HOU
goberru01,Rudy Gobert,32.0,C,MIN
nesmiaa01,Aaron Nesmith,25.0,SF,IND
wiggiaa01,Aaron Wiggins,26.0,SG,OKC
middlkh01,Khris Middleton,33.0,SF,2TM
middlkh01,Khris Middleton,33.0,SF,MIL
middlkh01,Khris Middleton,33.0,SF,WAS
durenja01,Jalen Duren,21.0,C,DET
divindo01,Donte DiVincenzo,28.0,SG,MIN
podzibr01,Brandin Podziemski,21.0,SG,GSW
kispeco01,Corey Kispert,25.0,SF,WAS
sochaje01,Jeremy Sochan,21.0,PF,SAS
camarto01,Toumani Camara,24.0,PF,POR
harteis01,Isaiah Hartenstein,26.0,C,OKC
hieldbu01,Buddy Hield,32.0,SG,GSW
holidjr01,Jrue Holiday,34.0,PG,BOS
kesslwa01,Walker Kessler,23.0,C,UTA
trentga02,Gary Trent Jr.,26.0,SG,MIL
dinwisp01,Spencer Dinwiddie,31.0,PG,DAL
hardati02,Tim Hardaway Jr.,32.0,SG,DET
robindu01,Duncan Robinson,30.0,SF,MIA
yabusgu01,Guerschon Yabusele,29.0,C,PHI
sensabr01,Brice Sensabaugh,21.0,SF,UTA
bogdabo01,Bogdan Bogdanović,32.0,SG,2TM
bogdabo01,Bogdan Bogdanović,32.0,SG,ATL
bogdabo01,Bogdan Bogdanović,32.0,SG,LAC
hawkijo01,Jordan Hawkins,22.0,SG,NOP
bostobr01,Brandon Boston Jr.,23.0,SG,NOP
jovicni01,Nikola Jović,21.0,PF,MIA
allengr01,Grayson Allen,29.0,SG,PHO
johnske07,Keon Johnson,22.0,SG,BRK
roziete01,Terry Rozier,30.0,PG,MIA
toppiob01,Obi Toppin,26.0,PF,IND
valanjo01,Jonas Valančiūnas,32.0,C,2TM
valanjo01,Jonas Valančiūnas,32.0,C,WAS
valanjo01,Jonas Valančiūnas,32.0,C,SAC
agbajoc01,Ochai Agbaji,24.0,SG,TOR
wellsja01,Jaylen Wells,21.0,SG,MEM
willigr01,Grant Williams,26.0,PF,CHO
porteke02,Kevin Porter Jr.,24.0,SG,2TM
porteke02,Kevin Porter Jr.,24.0,SG,LAC
porteke02,Kevin Porter Jr.,24.0,SG,MIL
alvarjo01,Jose Alvarado,26.0,PG,NOP
claxtni01,Nic Claxton,25.0,C,BRK
joneshe01,Herbert Jones,26.0,SF,NOP
meltode01,De'Anthony Melton,26.0,SG,GSW
joeis01,Isaiah Joe,25.0,SG,OKC
jonesty01,Tyus Jones,28.0,PG,PHO
watfotr01,Trendon Watford,24.0,PF,BRK
brookke02,Keion Brooks Jr.,24.0,SF,NOP
dortlu01,Luguentz Dort,25.0,SF,OKC
edwarju01,Justin Edwards,21.0,SF,PHI
jonesde02,Derrick Jones Jr.,27.0,SF,LAC
thompau01,Ausar Thompson,22.0,SF,DET
bouchch01,Chris Boucher,32.0,PF,TOR
nembhan01,Andrew Nembhard,25.0,SG,IND
willizi02,Ziaire Williams,23.0,SF,BRK
huertke01,Kevin Huerter,26.0,SG,2TM
huertke01,Kevin Huerter,26.0,SG,SAC
huertke01,Kevin Huerter,26.0,SG,CHI
niangge01,Georges Niang,31.0,PF,2TM
niangge01,Georges Niang,31.0,PF,CLE
niangge01,Georges Niang,31.0,PF,ATL
champju02,Julian Champagnie,23.0,SF,SAS
pippesc02,Scotty Pippen Jr.,24.0,PG,MEM
smithni01,Nick Smith Jr.,20.0,SG,CHO
carrica01,Bub Carrington,19.0,PG,WAS
moodymo01,Moses Moody,22.0,SG,GSW
coffeam01,Amir Coffey,27.0,SG,LAC
chrisma02,Max Christie,21.0,SG,2TM
chrisma02,Max Christie,21.0,SG,LAL
chrisma02,Max Christie,21.0,SG,DAL
filipky01,Kyle Filipowski,21.0,C,UTA
evbuoto01,Tosan Evbuomwan,23.0,SF,BRK
mcbrimi01,Miles McBride,24.0,SG,NYK
wilsoja03,Jalen Wilson,24.0,PF,BRK
alexani01,Nickeil Alexander-Walker,26.0,SG,MIN
anthoco01,Cole Anthony,24.0,PG,ORL
blackan01,Anthony Black,21.0,PG,ORL
strusma01,Max Strus,28.0,SF,CLE
vukcetr01,Tristan Vukcevic,21.0,C,WAS
whitmca01,Cam Whitmore,20.0,SF,HOU
richani01,Nick Richards,27.0,C,2TM
richani01,Nick Richards,27.0,C,CHO
richani01,Nick Richards,27.0,C,PHO
wareke01,Kel'el Ware,20.0,C,MIA
edeyza01,Zach Edey,22.0,C,MEM
cartewe01,Wendell Carter Jr.,25.0,C,ORL
clownno01,Noah Clowney,20.0,PF,BRK
knechda01,Dalton Knecht,23.0,SF,LAL
lawsoaj01,A.J. Lawson,24.0,SG,TOR
mccontj01,T.J. McConnell,32.0,PG,IND
missiyv01,Yves Missi,20.0,C,NOP
onealro01,Royce O'Neale,31.0,SF,PHO
butleja02,Jared Butler,24.0,SG,2TM
butleja02,Jared Butler,24.0,PG,WAS
butleja02,Jared Butler,24.0,SG,PHI
smartma01,Marcus Smart,30.0,PG,2TM
smartma01,Marcus Smart,30.0,PG,MEM
smartma01,Marcus Smart,30.0,PG,WAS
greendr01,Draymond Green,34.0,PF,GSW
hayeski01,Killian Hayes,23.0,PG,BRK
horfoal01,Al Horford,38.0,C,BOS
strawju01,Julian Strawther,22.0,SG,DEN
willipa01,Patrick Williams,23.0,PF,CHI
nurkiju01,Jusuf Nurkić,30.0,C,2TM
nurkiju01,Jusuf Nurkić,30.0,C,PHO
nurkiju01,Jusuf Nurkić,30.0,C,CHO
capelca01,Clint Capela,30.0,C,ATL
juzanjo01,Johnny Juzang,23.0,SG,UTA
kennalu01,Luke Kennard,28.0,SG,MEM
champju01,Justin Champagnie,23.0,SF,WAS
mykhasv01,Svi Mykhailiuk,27.0,SF,UTA
paulch01,Chris Paul,39.0,PG,SAS
olynyke01,Kelly Olynyk,33.0,C,2TM
olynyke01,Kelly Olynyk,33.0,C,TOR
olynyke01,Kelly Olynyk,33.0,C,NOP
finnedo01,Dorian Finney-Smith,31.0,PF,2TM
finnedo01,Dorian Finney-Smith,31.0,PF,BRK
finnedo01,Dorian Finney-Smith,31.0,PF,LAL
brissos01,Oshae Brissett,26.0,SF,PHI
caldwke01,Kentavious Caldwell-Pope,31.0,SG,ORL
colliis01,Isaiah Collier,20.0,PG,UTA
exumda01,Dante Exum,29.0,PG,DAL
georgky01,Kyshawn George,21.0,SG,WAS
hardyja02,Jaden Hardy,22.0,SG,DAL
livelde01,Dereck Lively II,20.0,C,DAL
martity01,Tyrese Martin,25.0,SG,BRK
buzelma01,Matas Buzelis,20.0,SF,CHI
jaqueja01,Jaime Jaquez Jr.,23.0,SF,MIA
walteja01,Ja'Kobe Walter,20.0,SG,TOR
hausesa01,Sam Hauser,27.0,PF,BOS
nancela02,Larry Nance Jr.,32.0,PF,ATL
rhodeja01,Jared Rhoden,25.0,SG,2TM
rhodeja01,Jared Rhoden,25.0,SG,CHO
rhodeja01,Jared Rhoden,25.0,SG,TOR
nowelja01,Jaylen Nowell,25.0,SG,NOP
wallaca01,Cason Wallace,21.0,SG,OKC
brownbr01,Bruce Brown,28.0,PG,2TM
brownbr01,Bruce Brown,28.0,PG,TOR
brownbr01,Bruce Brown,28.0,PG,NOP
bantoda01,Dalano Banton,25.0,PG,POR
clarkbr01,Brandon Clarke,28.0,PF,MEM
elliske01,Keon Ellis,25.0,SG,SAC
willibr03,Brandon Williams,25.0,PG,DAL
conlemi01,Mike Conley,37.0,PG,MIN
princta02,Taurean Prince,30.0,SF,MIL
smithja04,Jalen Smith,24.0,C,CHI
postqu01,Quinten Post,24.0,PF,GSW
watsope01,Peyton Watson,22.0,SF,DEN
mitchda01,Davion Mitchell,26.0,PG,2TM
mitchda01,Davion Mitchell,26.0,PG,TOR
mitchda01,Davion Mitchell,26.0,PG,MIA
martica02,Caleb Martin,29.0,SF,2TM
martica02,Caleb Martin,29.0,SF,PHI
martica02,Caleb Martin,29.0,SF,DAL
etienty01,Tyson Etienne,25.0,PG,BRK
sharpda01,Day'Ron Sharpe,23.0,C,BRK
simpskj01,KJ Simpson,22.0,PG,CHO
mannte01,Terance Mann,28.0,SG,2TM
mannte01,Terance Mann,28.0,SG,LAC
mannte01,Terance Mann,28.0,SG,ATL
matkoka01,Karlo Matković,23.0,PF,NOP
johnsaj01,AJ Johnson,20.0,SG,2TM
johnsaj01,AJ Johnson,20.0,SG,MIL
johnsaj01,AJ Johnson,20.0,SG,WAS
balllo01,Lonzo Ball,27.0,PG,CHI
tshieos01,Oscar Tshiebwe,25.0,C,UTA
mathega01,Garrison Mathews,28.0,SG,ATL
thybuma01,Matisse Thybulle,27.0,SG,POR
greenaj01,A.J. Green,25.0,SG,MIL
greenjo02,Josh Green,24.0,SG,CHO
holmeri01,Richaun Holmes,31.0,PF,WAS
baughda01,Damion Baugh,24.0,SG,CHO
burksal01,Alec Burks,33.0,SG,MIA
councri01,Ricky Council IV,23.0,SF,PHI
drumman01,Andre Drummond,31.0,C,PHI
jonestr01,Tre Jones,25.0,PG,2TM
jonestr01,Tre Jones,25.0,PG,SAS
jonestr01,Tre Jones,25.0,PG,CHI
bitadgo01,Goga Bitadze,25.0,C,ORL
dasiltr01,Tristan Da Silva,23.0,SF,ORL
jacksgg01,GG Jackson II,20.0,PF,MEM
krejcvi01,Vit Krejci,24.0,PG,ATL
merrisa01,Sam Merrill,28.0,SG,CLE
plowdda01,Daeqwon Plowden,26.0,SG,ATL
tomlina01,Nae'Qwan Tomlin,24.0,PF,CLE
okogijo01,Josh Okogie,26.0,SG,2TM
okogijo01,Josh Okogie,26.0,SG,PHO
okogijo01,Josh Okogie,26.0,SG,CHO
hoodsja01,Jalen Hood-Schifino,21.0,SG,2TM
hoodsja01,Jalen Hood-Schifino,21.0,SG,LAL
hoodsja01,Jalen Hood-Schifino,21.0,SG,PHI
battlja01,Jamison Battle,23.0,SF,TOR
carusal01,Alex Caruso,30.0,SG,OKC
sheadja01,Jamal Shead,22.0,PG,TOR
dowtije01,Jeff Dowtin Jr.,27.0,PG,PHI
garrema01,Marcus Garrett,26.0,SG,CHO
jacksis01,Isaiah Jackson,23.0,C,IND
simsja01,Jaylen Sims,26.0,SG,CHO
robinor01,Orlando Robinson,24.0,C,2TM
robinor01,Orlando Robinson,24.0,C,SAC
robinor01,Orlando Robinson,24.0,C,TOR
laravja01,Jake LaRavia,23.0,PF,2TM
laravja01,Jake LaRavia,23.0,PF,MEM
laravja01,Jake LaRavia,23.0,PF,SAC
dunnry01,Ryan Dunn,22.0,SF,PHO
huffja01,Jay Huff,26.0,C,MEM
payneca01,Cameron Payne,30.0,PG,NYK
reevean01,Antonio Reeves,24.0,SG,NOP
martico01,Cody Martin,29.0,SF,2TM
martico01,Cody Martin,29.0,SF,CHO
martico01,Cody Martin,29.0,SF,PHO
bolbo01,Bol Bol,25.0,PF,PHO
gordoer01,Eric Gordon,36.0,SG,PHI
hayesja02,Jaxson Hayes,24.0,C,LAL
baglema02,Marcus Bagley,23.0,SF,PHI
jeffrda01,DaQuan Jeffries,27.0,SG,CHO
quinole01,Lester Quiñones,24.0,SG,2TM
quinole01,Lester Quiñones,24.0,SG,PHI
quinole01,Lester Quiñones,24.0,SG,NOP
micicva01,Vasilije Micić,31.0,PG,2TM
micicva01,Vasilije Micić,31.0,PG,CHO
micicva01,Vasilije Micić,31.0,PG,PHO
achiupr01,Precious Achiuwa,25.0,C,NYK
jackstr02,Trayce Jackson-Davis,24.0,C,GSW
sassema01,Marcus Sasser,24.0,PG,DET
willivi01,Vince Williams Jr.,24.0,SG,MEM
bryanth01,Thomas Bryant,27.0,C,2TM
bryanth01,Thomas Bryant,27.0,C,MIA
bryanth01,Thomas Bryant,27.0,C,IND
clingdo01,Donovan Clingan,20.0,C,POR
curryse01,Seth Curry,34.0,SG,CHO
highsha01,Haywood Highsmith,28.0,SF,MIA
hortota01,Talen Horton-Tucker,24.0,SG,CHI
lylestr01,Trey Lyles,29.0,PF,SAC
mitchaj01,Ajay Mitchell,22.0,SG,OKC
paytoga02,Gary Payton II,32.0,SG,GSW
colliza01,Zach Collins,27.0,PF,2TM
colliza01,Zach Collins,27.0,C,SAS
colliza01,Zach Collins,27.0,PF,CHI
dunnkr01,Kris Dunn,30.0,PG,LAC
hollaro01,Ron Holland,19.0,SF,DET
martike04,KJ Martin,24.0,PF,2TM
martike04,KJ Martin,24.0,PF,PHI
martike04,KJ Martin,24.0,SF,UTA
vincega01,Gabe Vincent,28.0,PG,LAL
mamuksa01,Sandro Mamukelashvili,25.0,PF,SAS
robinje02,Jeremiah Robinson-Earl,24.0,PF,NOP
willike04,Kenrich Williams,30.0,PF,OKC
hylanbo01,Bones Hyland,24.0,PG,2TM
hylanbo01,Bones Hyland,24.0,PG,LAC
hylanbo01,Bones Hyland,24.0,PG,MIN
mogbojo01,Jonathan Mogbo,23.0,PF,TOR
rolliry01,Ryan Rollins,22.0,PG,MIL
smithdr01,Dru Smith,27.0,SG,MIA
okorois01,Isaac Okoro,24.0,SG,CLE
walkeja02,Jarace Walker,21.0,PF,IND
nfalyda01,N'Faly Dante,23.0,C,HOU
gueyemo02,Mouhamed Gueye,22.0,PF,ATL
kornelu01,Luke Kornet,29.0,C,BOS
mobleis01,Isaiah Mobley,25.0,PF,PHI
stewais01,Isaiah Stewart,23.0,C,DET
wisemja01,James Wiseman,23.0,C,IND
wongis01,Isaiah Wong,24.0,SG,CHO
swideco01,Cole Swider,25.0,SF,2TM
swideco01,Cole Swider,25.0,SF,DET
swideco01,Cole Swider,25.0,SF,TOR
okekech01,Chuma Okeke,26.0,PF,2TM
okekech01,Chuma Okeke,26.0,PF,PHI
okekech01,Chuma Okeke,26.0,PF,CLE
anderky01,Kyle Anderson,31.0,PF,2TM
anderky01,Kyle Anderson,31.0,PF,GSW
anderky01,Kyle Anderson,31.0,SF,MIA
fontesi01,Simone Fontecchio,29.0,SF,DET
gilleco01,Collin Gillespie,25.0,PG,PHO
salauti01,Tidjane Salaün,19.0,PF,CHO
willija07,Jaylin Williams,22.0,PF,OKC
brownmo01,Moses Brown,25.0,C,2TM
brownmo01,Moses Brown,25.0,C,IND
brownmo01,Moses Brown,25.0,C,DAL
bonaad01,Adem Bona,21.0,C,PHI
jacksqu01,Quenton Jackson,26.0,PG,IND
williro04,Robert Williams,27.0,C,POR
diabamo01,Moussa Diabaté,23.0,C,CHO
whiteda01,Dariq Whitehead,20.0,SF,BRK
shamela01,Landry Shamet,27.0,SG,NYK
goodwjo01,Jordan Goodwin,26.0,PG,LAL
miltosh01,Shake Milton,28.0,SG,2TM
miltosh01,Shake Milton,28.0,SG,BRK
miltosh01,Shake Milton,28.0,SG,LAL
holidaa01,Aaron Holiday,28.0,PG,HOU
greenje02,Jeff Green,38.0,PF,HOU
isaacjo01,Jonathan Isaac,27.0,PF,ORL
wadede01,Dean Wade,28.0,PF,CLE
wallake01,Keaton Wallace,25.0,PG,ATL
bufkiko01,Kobe Bufkin,21.0,SG,ATL
cainja01,Jamal Cain,25.0,SF,NOP
connapa01,Pat Connaughton,32.0,SG,MIL
loveke01,Kevin Love,36.0,PF,MIA
sheppbe01,Ben Sheppard,23.0,SG,IND
morrimo01,Monte Morris,29.0,PG,PHO
walkeja01,Jabari Walker,22.0,PF,POR
greenja02,Javonte Green,31.0,SG,2TM
greenja02,Javonte Green,31.0,SG,NOP
greenja02,Javonte Green,31.0,SG,CLE
reeseal01,Alex Reese,25.0,PF,2TM
reeseal01,Alex Reese,25.0,PF,OKC
reeseal01,Alex Reese,25.0,PF,PHI
biyombi01,Bismack Biyombo,32.0,C,SAS
robinmi01,Mitchell Robinson,26.0,C,NYK
joneska01,Kai Jones,24.0,C,2TM
joneska01,Kai Jones,24.0,C,LAC
joneska01,Kai Jones,24.0,C,DAL
simmobe01,Ben Simmons,28.0,PG,2TM
simmobe01,Ben Simmons,28.0,PG,BRK
simmobe01,Ben Simmons,28.0,PG,LAC
branhma01,Malaki Branham,21.0,SG,SAS
quetane01,Neemias Queta,25.0,C,BOS
willial06,Alondes Williams,25.0,SG,DET
martija02,Jaylen Martin,21.0,SF,2TM
martija02,Jaylen Martin,21.0,SF,BRK
martija02,Jaylen Martin,21.0,SF,WAS
waterli01,Lindy Waters III,27.0,SG,2TM
waterli01,Lindy Waters III,27.0,SG,GSW
waterli01,Lindy Waters III,27.0,SG,DET
queentr01,Trevelin Queen,27.0,SG,ORL
landajo01,Jock Landale,29.0,C,HOU
castlco01,Colin Castleton,24.0,C,3TM
castlco01,Colin Castleton,24.0,C,MEM
castlco01,Colin Castleton,24.0,C,TOR
castlco01,Colin Castleton,24.0,C,PHI
hendrta01,Taylor Hendricks,21.0,PF,UTA
roddyda01,David Roddy,23.0,PF,3TM
roddyda01,David Roddy,23.0,PF,ATL
roddyda01,David Roddy,23.0,PF,PHI
roddyda01,David Roddy,23.0,PF,HOU
eubandr01,Drew Eubanks,27.0,C,2TM
eubandr01,Drew Eubanks,27.0,C,UTA
eubandr01,Drew Eubanks,27.0,C,LAC
larsspe01,Pelle Larsson,23.0,SG,MIA
phillju01,Julian Phillips,21.0,SF,CHI
willico04,Cody Williams,20.0,SG,UTA
dilliro01,Rob Dillingham,20.0,PG,MIN
howarje01,Jett Howard,21.0,SF,ORL
looneke01,Kevon Looney,28.0,C,GSW
plumlma01,Mason Plumlee,34.0,C,PHO
terryda01,Dalen Terry,22.0,SG,CHI
baglema01,Marvin Bagley III,25.0,PF,2TM
baglema01,Marvin Bagley III,25.0,C,WAS
baglema01,Marvin Bagley III,25.0,PF,MEM
bassech01,Charles Bassey,24.0,C,SAS
bradlto01,Tony Bradley,27.0,C,IND
jacksre01,Reggie Jackson,34.0,PG,PHI
sheppre01,Reed Sheppard,20.0,PG,HOU
stevela01,Lamar Stevens,27.0,PF,MEM
bambamo01,Mo Bamba,26.0,C,2TM
bambamo01,Mo Bamba,26.0,C,LAC
bambamo01,Mo Bamba,26.0,C,NOP
carteje01,Jevon Carter,29.0,PG,CHI
pottemi01,Micah Potter,26.0,C,UTA
shannte01,Terrence Shannon Jr.,24.0,SG,MIN
theisda01,Daniel Theis,32.0,C,NOP
craigto01,Torrey Craig,34.0,SF,2TM
craigto01,Torrey Craig,34.0,SF,CHI
craigto01,Torrey Craig,34.0,SF,BOS
moorewe01,Wendell Moore Jr.,23.0,SG,2TM
moorewe01,Wendell Moore Jr.,23.0,SG,DET
moorewe01,Wendell Moore Jr.,23.0,SG,CHO
barlodo01,Dominick Barlow,21.0,PF,ATL
edwarke02,Kessler Edwards,24.0,SF,DAL
ighodos01,Oso Ighodaro,22.0,PF,PHO
murrakr01,Kris Murray,24.0,SF,POR
reathdu01,Duop Reath,28.0,C,POR
spencca01,Cam Spencer,24.0,SG,MEM
lewisma05,Maxwell Lewis,22.0,SF,2TM
lewisma05,Maxwell Lewis,22.0,SF,LAL
lewisma05,Maxwell Lewis,22.0,SF,BRK
clarkja02,Jaylen Clark,23.0,SG,MIN
houstca01,Caleb Houstan,22.0,SF,ORL
millejo02,Jordan Miller,25.0,SF,LAC
pickeja02,Jalen Pickett,25.0,SG,DEN
reedpa01,Paul Reed,25.0,C,DET
santogu01,Gui Santos,22.0,PF,GSW
vandeja01,Jarred Vanderbilt,25.0,PF,LAL
jonesco02,Colby Jones,22.0,SG,2TM
jonesco02,Colby Jones,22.0,SG,SAC
jonesco02,Colby Jones,22.0,SG,WAS
batumni01,Nicolas Batum,36.0,PF,LAC
flynnma01,Malachi Flynn,26.0,PG,CHO
harpero02,Ron Harper Jr.,24.0,SF,DET
richajo01,Josh Richardson,31.0,SG,MIA
adamsst01,Steven Adams,31.0,C,HOU
lowryky01,Kyle Lowry,38.0,PG,PHI
prospol01,Olivier-Maxence Prosper,22.0,PF,DAL
millspa02,Patty Mills,36.0,PG,2TM
millspa02,Patty Mills,36.0,PG,UTA
millspa02,Patty Mills,36.0,PG,LAC
carlsbr01,Branden Carlson,25.0,C,OKC
cartede02,Devin Carter,22.0,PG,SAC
diengou01,Ousmane Dieng,21.0,C,OKC
morrima02,Markieff Morris,35.0,PF,2TM
morrima02,Markieff Morris,35.0,PF,DAL
morrima02,Markieff Morris,35.0,PF,LAL
batesem01,Emoni Bates,21.0,SF,CLE
jordade01,DeAndre Jordan,36.0,C,DEN
portecr01,Craig Porter Jr.,24.0,PG,CLE
roweja01,Jackson Rowe,28.0,PF,GSW
weslebl01,Blake Wesley,21.0,SG,SAS
thorjt01,JT Thor,22.0,PF,2TM
thorjt01,JT Thor,22.0,PF,CLE
thorjt01,JT Thor,22.0,PF,WAS
scheiba01,Baylor Scheierman,24.0,SG,BOS
tateja01,Jae'Sean Tate,29.0,SF,HOU
tysonja01,Jaylon Tyson,22.0,SG,CLE
paytoel01,Elfrid Payton,30.0,PG,2TM
paytoel01,Elfrid Payton,30.0,PG,NOP
paytoel01,Elfrid Payton,30.0,PG,CHO
garzalu01,Luka Garza,26.0,C,MIN
josepco01,Cory Joseph,33.0,PG,ORL
mcderdo01,Doug McDermott,33.0,SF,SAC
saricda01,Dario Šarić,30.0,C,DEN
bouyeja01,Jamaree Bouyea,25.0,PG,MIL
fernabr01,Bruno Fernando,26.0,C,TOR
jacksan01,Andre Jackson Jr.,23.0,SG,MIL
jonesis01,Isaac Jones,24.0,PF,SAC
knoxke01,Kevin Knox,25.0,SF,GSW
leeda03,Damion Lee,32.0,SG,PHO
willije02,Jeenathan Williams,25.0,SG,HOU
harklej01,Elijah Harkless,24.0,SG,UTA
nnajize01,Zeke Nnaji,24.0,PF,DEN
reddica01,Cam Reddish,25.0,SF,LAL
wrighde01,Delon Wright,32.0,PG,2TM
wrighde01,Delon Wright,32.0,PG,MIL
wrighde01,Delon Wright,32.0,PG,NYK
kelleky01,Kylor Kelley,27.0,C,2TM
kelleky01,Kylor Kelley,27.0,C,DAL
kelleky01,Kylor Kelley,27.0,C,NOP
harriga01,Gary Harris,30.0,SG,ORL
klebima01,Maxi Kleber,33.0,PF,DAL
mooreta02,Taze Moore,26.0,SG,POR
ruperra01,Rayan Rupert,20.0,SG,POR
tuckepj01,P.J. Tucker,39.0,SF,NYK
nancepe01,Pete Nance,24.0,C,2TM
nancepe01,Pete Nance,24.0,C,PHI
nancepe01,Pete Nance,24.0,PF,MIL
fultzma01,Markelle Fultz,26.0,PG,SAC
gibsota01,Taj Gibson,39.0,C,CHO
smithty02,Tyler Smith,20.0,PF,MIL
dennira01,RayJ Dennis,23.0,PG,IND
dukeda01,David Duke Jr.,25.0,SG,SAS
johnske10,Keshad Johnson,23.0,SF,MIA
beekmre01,Reece Beekman,23.0,PG,2TM
beekmre01,Reece Beekman,23.0,PG,GSW
beekmre01,Reece Beekman,23.0,PG,BRK
crowdja01,Jae Crowder,34.0,PF,SAC
minotjo01,Josh Minott,22.0,SF,MIN
tysonhu01,Hunter Tyson,24.0,PF,DEN
sprinja01,Jaden Springer,22.0,PG,2TM
sprinja01,Jaden Springer,22.0,SG,BOS
sprinja01,Jaden Springer,22.0,PG,UTA
jemistr01,Trey Jemison,25.0,C,2TM
jemistr01,Trey Jemison,25.0,C,NOP
jemistr01,Trey Jemison,25.0,C,LAL
gillan01,Anthony Gill,32.0,PF,WAS
jonesdi01,Dillon Jones,23.0,SF,OKC
spencpa01,Pat Spencer,28.0,PG,GSW
davisjo06,Johnny Davis,22.0,SG,WAS
kolokch01,Christian Koloko,24.0,C,LAL
konchjo01,John Konchar,28.0,SG,MEM
beaucma01,MarJon Beauchamp,24.0,SF,3TM
beaucma01,MarJon Beauchamp,24.0,SF,MIL
beaucma01,MarJon Beauchamp,24.0,SF,LAC
beaucma01,MarJon Beauchamp,24.0,SF,NYK
jamesbr02,Bronny James,20.0,SG,LAL
jonesma05,Mason Jones,26.0,SG,SAC
norrimi01,Miles Norris,24.0,PF,BOS
baldwpa01,Patrick Baldwin Jr.,22.0,SF,2TM
baldwpa01,Patrick Baldwin Jr.,22.0,SF,WAS
baldwpa01,Patrick Baldwin Jr.,22.0,SF,LAC
peterdr01,Drew Peterson,25.0,PF,BOS
washity02,TyTy Washington Jr.,23.0,PG,PHO
mclaujo01,Jordan McLaughlin,28.0,PG,2TM
mclaujo01,Jordan McLaughlin,28.0,PG,SAC
mclaujo01,Jordan McLaughlin,28.0,PG,SAS
davisjd01,JD Davison,22.0,PG,BOS
duartch01,Chris Duarte,27.0,SG,CHI
freemen01,Enrique Freeman,24.0,PF,IND
furphjo01,Johnny Furphy,20.0,SG,IND
poweldw01,Dwight Powell,33.0,C,DAL
chrisjo01,Josh Christopher,23.0,SG,MIA
kolekty01,Tyler Kolek,23.0,PG,NYK
sanogad01,Adama Sanogo,22.0,C,CHI
brownko01,Kobe Brown,25.0,PF,LAC
hukpoar01,Ariel Hukporti,22.0,C,NYK
klintbo01,Bobi Klintman,21.0,SF,DET
templga01,Garrett Temple,38.0,SG,TOR
simsje01,Jericho Sims,26.0,C,2TM
simsje01,Jericho Sims,26.0,C,NYK
simsje01,Jericho Sims,26.0,C,MIL
cancavl01,Vlatko Čančar,27.0,PF,DEN
flaglad01,Adam Flagler,25.0,SG,OKC
flowetr01,Trentyn Flowers,19.0,SF,LAC
liddeej01,E.J. Liddell,24.0,PF,CHI
youngja05,Jahmir Young,24.0,PG,CHI
dadiepa01,Pacome Dadiet,19.0,SG,NYK
ducasal01,Alex Ducas,24.0,SG,OKC
hallpj01,PJ Hall,22.0,C,DEN
milleem01,Emanuel Miller,24.0,PF,CHI
thomptr01,Tristan Thompson,33.0,C,CLE
lenal01,Alex Len,31.0,C,2TM
lenal01,Alex Len,31.0,C,SAC
lenal01,Alex Len,31.0,C,LAL
kawamyu01,Yuki Kawamura,23.0,PG,MEM
mcveija01,Jack McVeigh,28.0,PF,HOU
armeltr01,Armel Traoré,22.0,SF,LAL
walshjo01,Jordan Walsh,20.0,PF,BOS
wheelph02,Phillip Wheeler,22.0,PF,PHI
cissosi01,Sidy Cissoko,20.0,SF,2TM
cissosi01,Sidy Cissoko,20.0,SF,SAS
cissosi01,Sidy Cissoko,20.0,SF,POR
gortmja01,Jazian Gortman,21.0,PG,DAL
mcculke01,Kevin McCullar Jr.,23.0,SF,NYK
millele01,Leonard Miller,21.0,SF,MIN
olivaqu01,Quincy Olivari,23.0,PG,LAL
ryanma01,Matt Ryan,27.0,SF,NYK
toppija01,Jacob Toppin,24.0,SF,2TM
toppija01,Jacob Toppin,24.0,SF,NYK
toppija01,Jacob Toppin,24.0,SF,ATL
chrisca02,Cam Christie,19.0,SG,LAC
livinch01,Chris Livingston,21.0,SF,MIL
alexatr01,Trey Alexander,21.0,SG,DEN
jonessp01,Spencer Jones,23.0,SF,DEN
labissk01,Skal Labissière,28.0,PF,SAC
bridgja01,Jalen Bridges,23.0,SF,PHO
colliyu01,Yuri Collins,23.0,PG,GSW
jenkida01,Daniss Jenkins,23.0,PG,DET
keybr01,Braxton Key,27.0,SF,GSW
mcgowbr01,Bryce McGowens,22.0,SG,POR
tillmxa01,Xavier Tillman Sr.,26.0,C,BOS
travelu01,Luke Travers,23.0,SG,CLE
crawfis01,Isaiah Crawford,23.0,SF,SAC
minayju01,Justin Minaya,25.0,SF,POR
watsoan02,Anton Watson,24.0,SF,NYK
cartodj01,D.J. Carton,24.0,SG,TOR
doziepj01,PJ Dozier,28.0,SG,MIN
inglejo01,Joe Ingles,37.0,SF,MIN
ingraha01,Harrison Ingram,22.0,SF,SAS
chomcul01,Ulrich Chomche,19.0,PF,TOR
johnsja01,James Johnson,37.0,PF,IND
robbili01,Liam Robbins,25.0,C,MIL
umudest01,Stanley Umude,25.0,SG,MIL
cuiyo01,Cui Yongxi,21.0,SG,BRK
newtotr01,Tristen Newton,23.0,SG,2TM
newtotr01,Tristen Newton,23.0,SG,IND
newtotr01,Tristen Newton,23.0,SG,MIN
leonsma01,Malevy Leons,25.0,SF,OKC
nixda01,Daishen Nix,22.0,PG,MIN
daviste02,Terence Davis,27.0,SG,SAC
edwarje01,Jesse Edwards,24.0,C,MIN
mccluma01,Mac McClung,26.0,SG,ORL
mcdanja01,Jalen McDaniels,27.0,SF,WAS
minixri01,Riley Minix,24.0,SF,SAS
okafoja01,Jahlil Okafor,29.0,C,IND
pullizy01,Zyon Pullin,23.0,SG,MEM
steveis01,Isaiah Stevens,24.0,PG,MIA
taylote01,Terry Taylor,25.0,PF,SAC
-9999,League Average,,,
