PlayerID,FG,FGA,3P,3PA,FT,FTA,FG%,3P%,FT%
gilgesh01,11.3,21.8,2.1,5.7,7.9,8.8,0.519,0.375,0.898
antetgi01,11.8,19.7,0.2,0.9,6.5,10.6,0.601,0.222,0.617
jokicni01,11.2,19.5,2.0,4.7,5.2,6.4,0.576,0.417,0.8
doncilu01,9.2,20.5,3.5,9.6,6.2,7.9,0.45,0.368,0.782
doncilu01,9.8,21.2,3.4,9.6,5.1,6.6,0.464,0.354,0.767
doncilu01,8.8,20.0,3.6,9.6,7.0,8.9,0.438,0.379,0.791
edwaran01,9.1,20.4,4.1,10.3,5.3,6.3,0.447,0.395,0.837
tatumja01,9.2,20.3,3.5,10.1,5.0,6.1,0.452,0.343,0.814
duranke01,9.5,18.1,2.6,6.0,4.9,5.8,0.527,0.43,0.839
maxeyty01,9.2,21.0,3.1,9.2,4.9,5.6,0.437,0.337,0.879
cunnica01,9.8,20.8,2.1,6.0,4.5,5.3,0.469,0.356,0.846
brunsja01,9.0,18.5,2.3,6.1,5.7,6.9,0.488,0.383,0.821
banchpa01,9.0,19.8,1.9,5.9,6.1,8.4,0.452,0.32,0.727
bookede01,8.7,18.9,2.4,7.3,5.8,6.4,0.461,0.332,0.894
ballla01,8.6,21.3,3.8,11.2,4.1,4.9,0.405,0.339,0.843
lillada01,7.7,17.1,3.4,9.0,6.2,6.8,0.448,0.376,0.921
davisan02,9.2,17.8,0.7,2.4,5.6,7.2,0.516,0.282,0.775
davisan02,9.5,18.0,0.7,2.2,6.0,7.6,0.528,0.298,0.788
davisan02,7.8,16.9,0.8,3.3,3.7,5.3,0.461,0.233,0.688
irvinky01,8.9,18.9,2.9,7.2,3.9,4.3,0.473,0.401,0.916
willizi01,9.6,16.9,0.1,0.4,5.3,8.0,0.567,0.231,0.656
curryst01,8.1,18.0,4.4,11.2,4.0,4.3,0.448,0.397,0.933
jamesle01,9.3,18.1,2.1,5.7,3.7,4.7,0.513,0.376,0.782
townska01,8.9,16.9,2.0,4.7,4.7,5.7,0.526,0.42,0.829
wembavi01,8.9,18.6,3.1,8.8,3.4,4.1,0.476,0.352,0.836
wagnefr01,9.0,19.4,1.7,5.9,4.5,5.2,0.463,0.295,0.871
youngtr01,7.4,18.1,2.9,8.4,6.5,7.4,0.411,0.34,0.875
mitchdo01,8.2,18.6,3.3,8.9,4.2,5.1,0.443,0.368,0.823
thomaca02,8.0,18.2,2.7,7.8,5.3,6.0,0.438,0.349,0.881
herroty01,8.5,17.9,3.3,8.7,3.7,4.2,0.472,0.375,0.878
embiijo01,7.4,16.6,1.2,4.1,7.8,8.9,0.444,0.299,0.882
foxde01,8.7,18.8,1.9,6.1,4.2,5.1,0.463,0.31,0.827
foxde01,9.2,19.6,2.0,6.4,4.5,5.5,0.469,0.322,0.829
foxde01,7.4,16.5,1.5,5.6,3.5,4.2,0.446,0.274,0.819
lavinza01,8.4,16.5,3.2,7.2,3.2,3.9,0.511,0.446,0.825
lavinza01,8.6,16.9,3.2,7.3,3.5,4.3,0.511,0.446,0.797
lavinza01,8.2,16.0,3.2,7.2,2.8,3.2,0.511,0.446,0.874
moranja01,8.1,17.8,1.8,5.7,5.3,6.4,0.454,0.309,0.824
hardeja01,6.7,16.4,3.0,8.5,6.4,7.3,0.41,0.352,0.874
brownja02,8.2,17.7,1.8,5.7,3.9,5.1,0.463,0.324,0.764
derozde01,8.1,17.0,1.1,3.3,4.9,5.7,0.477,0.328,0.857
ingrabr01,8.6,18.5,2.4,6.4,2.6,3.1,0.465,0.374,0.855
jacksja02,8.0,16.4,2.0,5.3,4.2,5.4,0.488,0.375,0.781
powelno01,7.6,15.8,3.0,7.1,3.6,4.4,0.484,0.418,0.804
willija06,8.2,16.9,1.8,4.9,3.4,4.3,0.484,0.365,0.789
leonaka01,8.4,16.8,2.1,5.1,2.6,3.3,0.498,0.411,0.81
murraja01,7.9,16.7,2.3,5.9,3.3,3.7,0.474,0.393,0.886
murphtr02,7.2,15.8,3.0,8.3,3.8,4.3,0.454,0.361,0.887
barrerj01,7.9,16.9,1.8,5.3,3.4,5.4,0.468,0.35,0.63
mccolcj01,7.9,17.9,3.1,8.2,2.2,3.1,0.444,0.373,0.717
greenja05,7.4,17.5,2.9,8.1,3.3,4.1,0.423,0.354,0.813
millebr02,7.3,18.2,3.9,10.9,2.5,2.9,0.403,0.355,0.861
garlada01,7.4,15.7,2.8,7.1,3.0,3.4,0.472,0.401,0.878
poolejo01,6.7,15.5,3.5,9.1,3.6,4.0,0.432,0.378,0.883
whiteco01,6.9,15.1,2.9,7.9,3.7,4.1,0.453,0.37,0.902
bridgmi02,7.3,17.0,2.2,7.0,3.5,4.0,0.431,0.313,0.87
reaveau01,6.5,14.2,2.7,7.3,4.4,5.0,0.46,0.377,0.877
siakapa01,7.9,15.2,1.6,4.2,2.9,3.9,0.519,0.389,0.734
porzikr01,6.6,13.7,2.5,6.0,3.8,4.7,0.483,0.412,0.809
barnesc01,7.3,16.4,1.2,4.3,3.5,4.6,0.446,0.271,0.755
simonan01,6.8,16.1,3.1,8.5,2.5,2.8,0.426,0.363,0.902
banede01,7.1,14.8,2.4,6.1,2.6,2.9,0.484,0.392,0.894
sabondo01,7.5,12.8,0.9,2.2,3.1,4.1,0.59,0.417,0.754
sengual01,7.5,15.0,0.3,1.2,3.9,5.6,0.496,0.233,0.692
collijo01,7.0,13.3,1.5,3.7,3.5,4.1,0.527,0.399,0.848
markkla01,6.3,14.9,2.9,8.5,3.4,3.9,0.423,0.346,0.876
johnsja05,7.5,15.1,1.2,3.9,2.6,3.5,0.5,0.312,0.746
johnsca02,6.2,13.1,2.8,7.2,3.5,3.9,0.475,0.39,0.893
randlju01,6.6,13.6,1.6,4.6,3.9,4.9,0.485,0.344,0.806
halibty01,6.5,13.8,3.0,7.7,2.6,3.0,0.473,0.388,0.851
mobleev01,7.1,12.8,1.2,3.2,3.1,4.3,0.557,0.37,0.725
sharpsh01,6.9,15.3,2.0,6.6,2.6,3.4,0.452,0.311,0.785
vucevni01,7.5,14.2,1.8,4.4,1.6,2.0,0.53,0.402,0.805
sextoco01,6.6,13.8,1.7,4.3,3.4,4.0,0.48,0.406,0.865
portemi01,6.9,13.6,2.5,6.4,1.9,2.5,0.504,0.395,0.768
adebaba01,6.9,14.3,1.0,2.8,3.2,4.2,0.485,0.357,0.765
wiggian01,6.3,14.0,2.2,5.8,3.3,4.3,0.448,0.374,0.763
wiggian01,6.1,13.7,2.2,5.8,3.2,4.2,0.444,0.379,0.777
wiggian01,6.8,14.8,2.1,5.9,3.4,4.6,0.458,0.36,0.731
anunoog01,6.6,13.9,2.3,6.2,2.5,3.1,0.476,0.372,0.81
bridgmi01,7.2,14.4,2.0,5.6,1.2,1.4,0.5,0.354,0.814
iveyja01,6.3,13.8,2.1,5.1,2.8,3.9,0.46,0.409,0.733
butleji01,5.5,10.9,0.6,1.9,6.0,7.1,0.504,0.308,0.842
butleji01,5.7,10.5,0.5,1.4,5.2,6.4,0.54,0.361,0.801
butleji01,5.3,11.1,0.6,2.3,6.7,7.7,0.476,0.279,0.87
murrade01,6.3,15.9,1.7,5.6,3.3,4.0,0.393,0.299,0.823
monkma01,6.3,14.4,2.1,6.6,2.4,2.7,0.439,0.325,0.865
quickim01,5.6,13.3,2.6,6.8,3.4,3.9,0.42,0.378,0.867
huntede01,5.6,11.9,2.5,6.1,3.4,4.0,0.47,0.405,0.846
huntede01,6.1,13.3,2.6,6.7,4.1,4.8,0.461,0.393,0.858
huntede01,4.9,10.0,2.2,5.2,2.4,2.9,0.485,0.426,0.821
bealbr01,6.5,13.1,1.9,5.0,2.1,2.6,0.497,0.386,0.803
avdijde01,5.6,11.7,1.7,4.8,4.0,5.2,0.476,0.365,0.78
georgke01,5.4,13.7,2.6,7.6,3.5,4.3,0.391,0.343,0.818
zubaciv01,7.4,11.8,0.0,0.0,2.0,3.0,0.628,,0.661
whitede01,5.6,12.6,3.5,9.1,1.8,2.1,0.442,0.384,0.839
beaslma01,5.6,13.1,3.9,9.3,1.2,1.7,0.43,0.416,0.679
vassede01,6.2,13.9,2.5,6.7,1.5,1.9,0.443,0.368,0.792
clarkjo01,5.4,13.3,2.3,6.3,3.1,3.9,0.408,0.362,0.797
georgpa01,6.0,13.9,2.3,6.5,1.9,2.4,0.43,0.358,0.814
suggsja01,5.6,13.7,2.2,6.9,2.8,3.1,0.41,0.314,0.882
mathube01,5.4,11.8,1.4,4.0,3.8,4.6,0.458,0.34,0.831
turnemy01,5.4,11.3,2.2,5.5,2.6,3.3,0.481,0.396,0.773
braunch01,6.0,10.4,1.1,2.8,2.2,2.7,0.58,0.397,0.827
kuminjo01,5.5,12.1,1.0,3.2,3.3,5.0,0.454,0.305,0.668
mccaija01,5.5,11.9,2.2,5.8,2.1,2.4,0.46,0.383,0.875
willima07,6.1,10.2,0.0,0.1,3.0,3.7,0.604,0.0,0.804
oubreke01,5.8,12.4,1.2,4.0,2.3,3.1,0.47,0.293,0.751
holmgch01,5.2,10.7,1.4,3.6,3.2,4.2,0.49,0.379,0.754
kuzmaky01,5.7,13.0,1.5,4.8,2.0,3.1,0.436,0.307,0.634
kuzmaky01,6.0,14.2,1.4,5.0,1.8,3.1,0.42,0.281,0.602
kuzmaky01,5.4,11.9,1.5,4.6,2.1,3.2,0.455,0.333,0.663
castlst01,5.2,12.2,1.2,4.1,3.1,4.2,0.428,0.285,0.724
gordoaa01,5.2,9.7,1.5,3.4,2.8,3.5,0.531,0.436,0.81
washipj01,5.3,11.7,1.6,4.2,2.5,3.5,0.453,0.381,0.722
grimequ01,5.1,11.0,2.2,5.6,2.2,2.9,0.467,0.385,0.757
grimequ01,3.6,7.8,1.7,4.3,1.3,1.7,0.463,0.398,0.765
grimequ01,7.7,16.4,2.9,7.9,3.6,4.8,0.469,0.373,0.752
giddejo01,5.3,11.4,1.5,4.0,2.5,3.2,0.465,0.378,0.781
poeltja01,6.4,10.2,0.0,0.1,1.7,2.5,0.627,0.333,0.674
aytonde01,6.6,11.7,0.2,0.8,1.0,1.5,0.566,0.188,0.667
dickgr01,4.9,12.0,2.1,6.0,2.5,2.9,0.41,0.35,0.858
grantje01,4.6,12.2,2.3,6.3,3.0,3.5,0.373,0.365,0.849
pritcpa01,5.1,10.8,3.2,7.8,0.9,1.1,0.472,0.407,0.845
reidna01,5.3,11.5,2.2,5.8,1.4,1.8,0.462,0.379,0.776
daniedy01,6.0,12.1,1.1,3.1,1.1,1.8,0.493,0.34,0.593
manntr01,5.4,12.4,1.8,4.6,1.5,1.6,0.435,0.4,0.905
thompam01,5.6,10.1,0.4,1.3,2.4,3.6,0.557,0.275,0.684
vanvlfr01,4.8,12.7,2.7,7.7,1.9,2.3,0.378,0.345,0.81
brookdi01,5.1,11.9,2.5,6.3,1.3,1.6,0.429,0.397,0.818
smithto05,6.0,9.0,0.0,0.0,2.0,3.0,0.667,,0.667
thompkl01,5.0,12.2,3.0,7.7,0.9,1.0,0.412,0.391,0.905
portibo01,5.7,12.1,1.3,3.6,1.2,1.5,0.466,0.365,0.836
harrito02,5.3,11.0,1.2,3.6,2.0,2.3,0.477,0.345,0.861
hartjo01,5.2,10.0,1.1,3.3,2.1,2.7,0.525,0.333,0.776
allenja01,5.5,7.8,0.0,0.1,2.4,3.4,0.706,0.0,0.718
okongon01,5.2,9.2,0.6,2.0,2.2,2.9,0.567,0.324,0.759
westbru01,5.0,11.1,1.3,3.9,2.1,3.1,0.449,0.323,0.661
marshna01,5.2,10.3,0.9,3.2,1.9,2.3,0.508,0.275,0.813
schrode01,4.5,11.0,1.7,4.9,2.4,2.9,0.406,0.342,0.838
schrode01,6.4,14.1,2.5,6.5,3.1,3.5,0.452,0.387,0.889
schrode01,3.9,10.5,1.5,4.8,1.2,1.6,0.375,0.322,0.744
schrode01,3.4,9.0,1.1,3.8,2.9,3.4,0.378,0.302,0.833
hachiru01,5.0,9.8,1.7,4.2,1.5,1.9,0.509,0.413,0.77
lopezbr01,4.9,9.7,1.7,4.7,1.4,1.7,0.509,0.373,0.826
sarral01,4.9,12.4,1.6,5.1,1.7,2.5,0.394,0.308,0.679
wagnemo01,4.7,8.3,0.9,2.5,2.6,3.7,0.562,0.36,0.718
brogdma01,4.3,10.0,0.7,2.3,3.4,3.8,0.433,0.286,0.88
hendesc01,4.3,10.4,1.6,4.5,2.4,3.1,0.419,0.354,0.767
johnske04,4.8,10.0,1.1,3.6,1.9,2.5,0.482,0.318,0.773
russeda01,4.3,11.0,1.9,6.2,2.1,2.5,0.39,0.314,0.834
russeda01,4.4,10.7,1.9,5.8,1.6,1.8,0.415,0.333,0.849
russeda01,4.1,11.3,2.0,6.6,2.6,3.2,0.367,0.297,0.826
risacza01,4.8,10.4,1.6,4.6,1.4,2.0,0.458,0.355,0.711
aldamsa01,4.8,10.0,1.8,5.0,1.0,1.4,0.483,0.368,0.691
jeromty01,4.6,8.8,1.6,3.6,1.8,2.1,0.516,0.439,0.872
murrake02,4.8,10.8,2.0,5.9,0.8,0.9,0.444,0.343,0.833
walkelo01,4.5,10.6,2.3,6.4,1.2,1.5,0.42,0.354,0.8
barneha02,4.2,8.3,1.9,4.4,2.0,2.4,0.508,0.433,0.809
coulibi01,4.5,10.6,1.1,3.8,2.3,3.1,0.421,0.281,0.746
dosunay01,4.8,9.8,1.3,4.1,1.3,1.7,0.492,0.328,0.785
gaffoda01,5.0,7.1,0.0,0.0,2.4,3.4,0.702,,0.689
mcdanja02,4.9,10.2,1.2,3.7,1.3,1.6,0.477,0.33,0.813
smithja05,4.4,9.9,1.7,4.9,1.8,2.2,0.438,0.354,0.825
leverca01,4.4,9.4,1.7,4.4,1.7,2.4,0.467,0.373,0.71
leverca01,3.6,7.8,1.6,3.9,1.5,2.2,0.453,0.405,0.699
leverca01,5.6,11.6,1.8,5.2,2.0,2.8,0.482,0.338,0.722
timmedr01,5.0,11.3,1.0,3.9,1.1,1.8,0.441,0.257,0.625
easonta01,4.8,9.8,1.1,3.2,1.4,1.8,0.487,0.342,0.76
goberru01,4.7,7.1,0.0,0.0,2.6,3.8,0.669,,0.674
nesmiaa01,4.3,8.4,1.9,4.3,1.6,1.8,0.507,0.431,0.913
wiggiaa01,4.7,9.6,1.7,4.5,1.0,1.2,0.488,0.383,0.831
middlkh01,4.3,9.1,1.3,3.6,1.9,2.3,0.475,0.361,0.857
middlkh01,4.7,9.2,1.5,3.7,1.7,2.0,0.512,0.407,0.848
middlkh01,3.7,9.0,0.9,3.4,2.4,2.7,0.413,0.277,0.868
durenja01,4.8,7.0,0.0,0.0,2.1,3.1,0.692,,0.669
divindo01,4.0,9.6,2.8,7.1,0.8,1.0,0.422,0.397,0.778
podzibr01,4.4,9.8,1.8,4.8,1.1,1.5,0.445,0.372,0.758
kispeco01,4.2,9.3,2.0,5.4,1.2,1.4,0.451,0.364,0.852
sochaje01,4.6,8.7,0.5,1.7,1.6,2.3,0.535,0.308,0.696
camarto01,4.2,9.2,1.7,4.6,1.2,1.6,0.458,0.375,0.722
harteis01,4.9,8.4,0.0,0.3,1.4,2.1,0.581,0.0,0.675
hieldbu01,4.0,9.6,2.5,6.7,0.6,0.8,0.417,0.37,0.828
holidjr01,4.1,9.2,1.7,4.9,1.1,1.2,0.443,0.353,0.909
kesslwa01,4.8,7.2,0.1,0.6,1.4,2.6,0.663,0.176,0.52
trentga02,3.8,8.9,2.4,5.9,1.1,1.2,0.431,0.416,0.848
dinwisp01,3.6,8.6,1.4,4.1,2.5,3.1,0.416,0.334,0.802
hardati02,3.6,8.8,2.2,5.9,1.6,1.9,0.406,0.368,0.855
robindu01,3.9,9.0,2.6,6.5,0.6,0.7,0.437,0.393,0.887
yabusgu01,4.0,8.0,1.5,3.9,1.4,2.0,0.501,0.38,0.725
sensabr01,3.9,8.4,2.2,5.2,0.9,1.0,0.459,0.422,0.89
bogdabo01,3.9,9.1,1.9,5.4,1.1,1.2,0.427,0.363,0.879
bogdabo01,3.5,9.3,1.8,6.1,1.3,1.4,0.371,0.301,0.882
bogdabo01,4.2,8.9,2.0,4.8,0.9,1.1,0.474,0.427,0.875
hawkijo01,3.7,9.9,2.0,5.9,1.4,1.8,0.372,0.331,0.816
bostobr01,4.0,9.1,1.2,3.3,1.6,2.0,0.436,0.35,0.788
jovicni01,3.7,8.2,1.7,4.6,1.6,1.9,0.456,0.371,0.828
allengr01,3.4,7.6,2.3,5.5,1.5,1.8,0.448,0.426,0.816
johnske07,3.8,9.9,1.6,5.1,1.4,1.8,0.389,0.314,0.77
roziete01,3.9,9.9,1.4,4.8,1.4,1.7,0.391,0.295,0.852
toppiob01,4.0,7.6,1.4,3.8,1.1,1.4,0.529,0.365,0.781
valanjo01,4.3,7.7,0.1,0.5,1.8,2.0,0.55,0.216,0.879
valanjo01,4.7,8.6,0.1,0.6,1.9,2.2,0.547,0.259,0.896
valanjo01,3.6,6.4,0.0,0.3,1.6,1.8,0.556,0.1,0.847
agbajoc01,4.2,8.3,1.6,4.0,0.5,0.8,0.498,0.399,0.708
wellsja01,3.6,8.6,1.7,5.0,1.4,1.7,0.425,0.352,0.822
willigr01,3.4,7.7,1.7,4.6,1.9,2.3,0.439,0.365,0.838
porteke02,3.9,8.7,0.7,2.4,1.7,2.3,0.449,0.311,0.769
porteke02,3.8,9.0,0.6,2.4,1.1,1.7,0.423,0.245,0.645
porteke02,4.0,8.2,1.0,2.4,2.7,3.1,0.494,0.408,0.871
alvarjo01,3.6,9.3,2.0,5.5,1.1,1.3,0.392,0.359,0.811
claxtni01,4.6,8.1,0.1,0.3,1.1,2.2,0.563,0.238,0.513
joneshe01,3.8,8.6,1.1,3.6,1.7,2.0,0.436,0.306,0.825
meltode01,3.7,9.0,2.2,5.8,0.8,1.3,0.407,0.371,0.625
joeis01,3.5,7.9,2.6,6.3,0.6,0.8,0.44,0.412,0.821
jonesty01,3.8,8.4,2.0,5.0,0.6,0.7,0.448,0.414,0.895
watfotr01,3.7,8.0,0.7,2.0,2.1,2.8,0.469,0.33,0.762
brookke02,3.8,7.8,1.0,3.1,1.6,2.1,0.486,0.326,0.733
dortlu01,3.6,8.4,2.4,5.8,0.5,0.6,0.435,0.412,0.717
edwarju01,3.9,8.6,1.6,4.3,0.7,1.0,0.455,0.363,0.696
jonesde02,4.0,7.6,1.0,2.8,1.1,1.5,0.526,0.356,0.703
thompau01,4.2,7.8,0.2,0.8,1.5,2.4,0.535,0.224,0.641
bouchch01,3.6,7.4,1.4,3.9,1.4,1.7,0.492,0.363,0.782
nembhan01,3.8,8.3,0.8,2.7,1.7,2.1,0.458,0.291,0.794
willizi02,3.4,8.3,1.6,4.8,1.6,2.0,0.412,0.341,0.821
huertke01,3.7,8.8,1.9,5.7,0.5,0.7,0.425,0.338,0.714
huertke01,3.0,7.2,1.4,4.8,0.5,0.7,0.413,0.302,0.714
huertke01,5.0,11.3,2.7,7.2,0.6,0.8,0.439,0.376,0.714
niangge01,3.6,7.8,2.1,5.2,0.6,0.7,0.461,0.406,0.793
niangge01,3.3,6.8,1.8,4.4,0.5,0.6,0.477,0.4,0.793
niangge01,4.3,9.7,2.7,6.6,0.8,1.0,0.441,0.413,0.793
champju02,3.4,8.1,2.2,5.9,1.0,1.1,0.415,0.371,0.904
pippesc02,3.6,7.5,1.1,2.8,1.5,2.2,0.48,0.397,0.713
smithni01,3.7,9.5,1.7,5.1,0.7,0.8,0.391,0.34,0.935
carrica01,3.7,9.1,1.7,5.0,0.8,1.0,0.401,0.339,0.812
moodymo01,3.3,7.7,1.7,4.6,1.4,1.8,0.433,0.374,0.797
coffeam01,3.3,7.1,1.4,3.4,1.6,1.8,0.471,0.409,0.891
chrisma02,3.2,7.6,1.5,4.0,1.7,1.9,0.427,0.366,0.855
chrisma02,2.8,6.3,1.3,3.5,1.6,1.9,0.444,0.368,0.851
chrisma02,3.9,9.4,1.7,4.7,1.8,2.0,0.411,0.364,0.862
filipky01,3.6,7.2,1.1,3.1,1.3,2.0,0.502,0.35,0.65
evbuoto01,3.4,7.9,0.9,2.8,2.0,2.6,0.427,0.312,0.753
mcbrimi01,3.5,8.5,1.8,4.9,0.8,1.0,0.406,0.369,0.813
wilsoja03,3.1,7.8,1.5,4.6,1.7,2.1,0.397,0.337,0.818
alexani01,3.3,7.5,1.7,4.5,1.1,1.4,0.438,0.381,0.78
anthoco01,3.4,8.1,1.1,3.3,1.4,1.7,0.424,0.353,0.823
blackan01,3.4,7.9,0.8,2.5,1.9,2.5,0.423,0.318,0.761
strusma01,3.3,7.5,2.3,5.9,0.6,0.7,0.442,0.386,0.824
vukcetr01,3.4,6.9,1.1,2.9,1.5,1.9,0.496,0.373,0.776
whitmca01,3.5,7.9,1.3,3.6,1.1,1.4,0.444,0.355,0.75
richani01,3.6,6.1,0.0,0.0,2.1,2.8,0.591,0.0,0.744
richani01,3.0,5.4,0.0,0.0,2.8,4.1,0.561,0.0,0.678
richani01,3.9,6.5,0.0,0.0,1.7,2.0,0.605,0.0,0.822
wareke01,4.0,7.3,0.5,1.7,0.7,1.0,0.554,0.315,0.687
edeyza01,3.8,6.6,0.3,0.8,1.4,1.9,0.58,0.346,0.709
cartewe01,3.3,7.2,0.5,2.3,1.9,2.6,0.46,0.234,0.737
clownno01,2.9,8.1,1.9,5.7,1.5,1.7,0.358,0.333,0.838
knechda01,3.3,7.1,1.6,4.4,0.8,1.1,0.461,0.376,0.762
lawsoaj01,3.1,7.3,1.3,3.9,1.7,2.4,0.421,0.327,0.683
mccontj01,4.1,7.9,0.2,0.6,0.7,1.0,0.519,0.306,0.74
missiyv01,3.7,6.7,0.0,0.0,1.7,2.8,0.547,0.0,0.623
onealro01,3.2,7.6,2.4,5.9,0.3,0.3,0.423,0.406,0.731
butleja02,3.4,7.6,1.0,2.8,1.3,1.5,0.448,0.355,0.824
butleja02,2.7,5.5,0.5,1.3,1.1,1.4,0.483,0.366,0.778
butleja02,4.2,9.9,1.6,4.6,1.4,1.6,0.426,0.352,0.87
smartma01,3.0,7.6,1.4,4.1,1.6,2.1,0.393,0.348,0.761
smartma01,2.8,7.8,1.5,4.7,1.6,1.9,0.358,0.322,0.833
smartma01,3.2,7.3,1.3,3.4,1.6,2.3,0.44,0.392,0.686
greendr01,3.2,7.5,1.2,3.6,1.5,2.2,0.424,0.325,0.687
hayeski01,3.0,7.2,1.3,3.5,1.7,2.0,0.419,0.381,0.833
horfoal01,3.3,7.7,1.9,5.2,0.6,0.6,0.423,0.363,0.895
strawju01,3.2,7.5,1.4,4.1,1.1,1.4,0.432,0.349,0.822
willipa01,3.3,8.2,1.5,4.3,1.0,1.3,0.397,0.353,0.723
nurkiju01,3.3,6.9,0.6,2.1,1.7,2.5,0.477,0.305,0.664
nurkiju01,3.0,6.5,0.8,2.4,1.9,2.8,0.454,0.322,0.696
nurkiju01,3.6,7.3,0.5,1.8,1.4,2.3,0.497,0.283,0.627
capelca01,4.0,7.1,0.0,0.0,0.9,1.8,0.559,0.0,0.536
juzanjo01,3.2,7.4,1.8,4.9,0.7,0.8,0.429,0.376,0.849
kennalu01,3.2,6.6,1.7,4.0,0.8,0.9,0.478,0.433,0.895
champju01,3.4,6.6,1.2,3.1,0.8,1.2,0.511,0.383,0.685
mykhasv01,3.1,7.9,1.8,5.3,0.7,0.9,0.391,0.345,0.8
paulch01,3.0,7.1,1.7,4.5,1.0,1.1,0.427,0.377,0.924
olynyke01,3.0,6.1,0.8,1.8,1.9,2.5,0.5,0.418,0.769
olynyke01,2.5,4.9,0.8,1.8,1.4,1.8,0.5,0.442,0.791
olynyke01,3.8,7.5,0.7,1.8,2.5,3.3,0.5,0.389,0.754
finnedo01,3.1,6.9,2.0,5.0,0.5,0.7,0.448,0.411,0.667
finnedo01,3.7,8.0,2.4,5.4,0.8,1.2,0.459,0.435,0.625
finnedo01,2.8,6.4,1.9,4.8,0.3,0.5,0.442,0.398,0.714
brissos01,3.2,6.5,1.0,3.0,1.3,2.3,0.487,0.333,0.571
caldwke01,3.1,7.1,1.5,4.3,1.1,1.2,0.439,0.342,0.863
colliis01,3.3,7.8,0.6,2.4,1.5,2.2,0.422,0.249,0.682
exumda01,3.2,6.7,1.2,2.7,1.2,1.6,0.478,0.434,0.742
georgky01,3.0,8.0,1.7,5.2,1.0,1.4,0.372,0.322,0.753
hardyja02,3.2,7.3,1.3,3.5,1.1,1.5,0.435,0.386,0.698
livelde01,3.7,5.3,0.0,0.0,1.3,2.0,0.702,,0.63
martity01,3.2,7.8,1.7,4.7,0.8,1.0,0.406,0.351,0.793
buzelma01,3.2,6.9,1.2,3.3,1.1,1.4,0.454,0.361,0.815
jaqueja01,3.2,7.0,0.6,1.8,1.6,2.2,0.461,0.311,0.754
walteja01,3.1,7.6,1.3,3.6,1.3,1.6,0.405,0.349,0.795
hausesa01,3.0,6.7,2.3,5.6,0.2,0.2,0.451,0.416,1.0
nancela02,3.3,6.5,1.4,3.2,0.4,0.5,0.516,0.447,0.692
rhodeja01,3.0,6.2,0.9,2.8,1.6,1.8,0.483,0.308,0.88
rhodeja01,0.5,2.0,0.0,0.5,0.0,0.0,0.25,0.0,
rhodeja01,4.0,7.9,1.2,3.7,2.2,2.5,0.506,0.324,0.88
nowelja01,3.3,9.1,1.0,3.4,0.9,1.4,0.356,0.296,0.636
wallaca01,3.4,7.2,1.1,3.1,0.4,0.5,0.474,0.356,0.811
brownbr01,3.2,7.5,0.7,2.0,1.3,1.6,0.421,0.333,0.815
brownbr01,3.2,7.3,0.6,2.0,1.4,1.6,0.435,0.306,0.897
brownbr01,3.2,7.7,0.7,2.0,1.2,1.6,0.41,0.356,0.75
bantoda01,3.0,7.6,1.1,3.3,1.4,1.9,0.391,0.324,0.728
clarkbr01,3.7,5.9,0.0,0.3,1.0,1.4,0.621,0.059,0.701
elliske01,2.8,5.8,1.7,4.0,0.9,1.1,0.489,0.433,0.849
willibr03,3.0,5.7,0.7,1.8,1.7,2.0,0.521,0.4,0.833
conlemi01,2.6,6.6,1.8,4.4,1.1,1.3,0.4,0.41,0.9
princta02,2.9,6.4,1.8,4.2,0.5,0.6,0.457,0.439,0.813
smithja04,3.0,6.4,1.1,3.5,1.1,1.4,0.466,0.324,0.809
postqu01,2.9,6.5,1.7,4.3,0.5,0.6,0.449,0.408,0.778
watsope01,3.0,6.3,0.7,2.0,1.4,2.0,0.477,0.353,0.693
mitchda01,3.0,6.4,1.1,2.9,0.8,1.1,0.468,0.398,0.69
mitchda01,2.4,5.5,1.0,2.7,0.6,0.8,0.434,0.359,0.676
mitchda01,3.9,7.7,1.4,3.1,1.1,1.6,0.504,0.447,0.702
martica02,2.9,6.8,0.8,2.3,1.4,2.2,0.424,0.359,0.622
martica02,3.3,7.5,1.1,2.8,1.5,2.4,0.435,0.379,0.622
martica02,2.0,5.1,0.3,1.1,1.1,1.7,0.389,0.25,0.625
etienty01,2.4,7.4,1.9,6.3,1.1,1.4,0.327,0.295,0.8
sharpda01,3.3,6.3,0.2,0.9,1.1,1.5,0.521,0.244,0.757
simpskj01,2.9,8.4,0.9,3.6,1.1,1.4,0.346,0.254,0.82
mannte01,3.1,6.2,0.9,2.4,0.7,1.0,0.496,0.368,0.691
mannte01,2.4,5.3,0.7,2.0,0.6,0.9,0.446,0.347,0.719
mannte01,3.9,7.3,1.1,2.9,0.8,1.2,0.541,0.386,0.667
matkoka01,3.2,5.6,0.5,1.6,0.8,1.0,0.574,0.318,0.773
johnsaj01,2.8,7.3,0.8,3.1,1.1,1.3,0.385,0.267,0.865
johnsaj01,1.1,2.7,0.4,0.7,0.1,0.3,0.421,0.6,0.5
johnsaj01,3.4,8.8,1.0,3.9,1.4,1.6,0.381,0.247,0.886
balllo01,2.5,6.9,1.9,5.6,0.6,0.8,0.366,0.344,0.815
tshieos01,3.0,5.0,0.0,0.0,1.6,2.2,0.6,,0.742
mathega01,2.2,5.5,1.8,4.6,1.4,1.7,0.397,0.39,0.821
thybuma01,2.8,5.9,1.4,3.2,0.5,1.0,0.477,0.438,0.467
greenaj01,2.5,5.8,2.1,5.0,0.3,0.4,0.429,0.427,0.815
greenjo02,2.6,6.2,1.4,3.6,0.7,1.1,0.428,0.391,0.681
holmeri01,2.9,4.5,0.0,0.1,1.6,1.9,0.647,0.0,0.833
baughda01,2.8,8.7,0.8,3.7,0.9,1.0,0.323,0.214,0.867
burksal01,2.3,5.5,1.8,4.2,0.8,1.0,0.424,0.425,0.776
councri01,2.4,6.3,0.8,2.9,1.7,2.1,0.382,0.258,0.804
drumman01,2.9,5.9,0.1,0.5,1.4,2.3,0.5,0.15,0.622
jonestr01,2.8,5.2,0.4,1.0,1.2,1.5,0.538,0.396,0.821
jonestr01,1.6,3.3,0.3,0.9,0.9,1.2,0.484,0.308,0.758
jonestr01,4.6,8.1,0.6,1.2,1.7,1.9,0.572,0.5,0.882
bitadgo01,3.0,4.8,0.0,0.4,1.2,1.9,0.611,0.107,0.639
dasiltr01,2.7,6.5,1.1,3.2,0.7,0.9,0.412,0.335,0.873
jacksgg01,2.6,6.9,1.1,3.3,1.0,1.4,0.372,0.337,0.725
krejcvi01,2.5,5.1,1.6,3.6,0.6,0.8,0.497,0.437,0.711
merrisa01,2.4,6.0,1.9,5.2,0.4,0.4,0.406,0.372,0.966
plowdda01,2.7,4.2,1.5,2.8,0.3,0.3,0.64,0.529,1.0
tomlina01,2.6,6.4,0.4,2.0,1.6,2.2,0.406,0.2,0.727
okogijo01,2.4,5.3,0.8,2.3,1.6,2.1,0.443,0.348,0.741
okogijo01,2.2,4.6,0.6,1.7,0.9,1.3,0.491,0.381,0.688
okogijo01,2.5,6.5,1.1,3.3,2.7,3.5,0.388,0.32,0.774
hoodsja01,2.5,6.5,0.9,3.1,1.2,1.4,0.378,0.304,0.857
hoodsja01,0.5,0.5,0.0,0.0,1.0,1.0,1.0,,1.0
hoodsja01,2.8,7.5,1.1,3.5,1.2,1.5,0.371,0.304,0.842
battlja01,2.5,5.9,1.8,4.4,0.3,0.3,0.429,0.405,0.889
carusal01,2.6,5.8,1.1,3.1,0.8,0.9,0.446,0.353,0.824
sheadja01,2.7,6.7,1.0,3.0,0.7,0.9,0.405,0.323,0.768
dowtije01,2.7,5.6,0.7,1.7,0.8,1.1,0.487,0.4,0.733
garrema01,2.8,6.8,0.8,2.0,0.8,1.0,0.407,0.375,0.75
jacksis01,2.8,4.6,0.0,0.0,1.4,2.8,0.609,,0.5
simsja01,2.0,4.7,1.0,2.5,2.0,2.5,0.429,0.4,0.8
robinor01,2.6,5.9,0.4,1.2,1.2,1.6,0.444,0.327,0.771
robinor01,0.8,1.9,0.1,0.6,0.4,0.8,0.412,0.2,0.571
robinor01,3.1,7.0,0.5,1.3,1.4,1.8,0.447,0.34,0.794
laravja01,2.4,5.1,0.9,2.2,1.2,1.7,0.475,0.423,0.678
laravja01,2.5,5.1,0.9,1.9,1.4,2.0,0.49,0.444,0.698
laravja01,2.2,5.1,1.1,2.7,0.6,1.0,0.438,0.385,0.579
dunnry01,2.8,6.4,1.1,3.6,0.3,0.5,0.43,0.311,0.487
huffja01,2.5,4.8,1.3,3.1,0.7,0.9,0.515,0.405,0.786
payneca01,2.5,6.2,1.3,3.6,0.7,0.8,0.401,0.363,0.907
reevean01,2.6,5.6,1.2,2.9,0.6,0.8,0.456,0.395,0.8
martico01,2.6,6.1,0.8,2.8,0.8,1.2,0.418,0.285,0.705
martico01,3.0,6.9,1.0,3.2,0.9,1.3,0.433,0.323,0.694
martico01,1.4,4.1,0.2,1.9,0.6,0.9,0.351,0.111,0.75
bolbo01,2.7,5.1,0.9,2.6,0.6,0.7,0.525,0.344,0.769
gordoer01,2.2,5.2,1.4,3.5,0.9,1.2,0.426,0.409,0.75
hayesja02,2.9,4.0,0.0,0.1,1.1,1.8,0.722,0.0,0.622
baglema02,2.7,6.9,0.5,3.2,0.8,1.0,0.391,0.156,0.8
jeffrda01,2.5,6.2,1.2,3.5,0.5,0.6,0.405,0.335,0.8
quinole01,2.4,6.0,1.0,3.4,0.8,1.0,0.397,0.295,0.846
quinole01,1.0,2.0,0.0,0.8,0.3,0.3,0.5,0.0,1.0
quinole01,3.0,7.8,1.4,4.6,1.1,1.3,0.386,0.317,0.833
micicva01,2.3,6.7,1.1,3.0,0.8,1.0,0.348,0.36,0.829
micicva01,2.6,7.6,1.3,3.5,0.9,1.1,0.348,0.36,0.829
micicva01,0.0,0.0,0.0,0.0,0.0,0.0,,,
achiupr01,2.9,5.7,0.2,0.6,0.7,1.2,0.502,0.278,0.594
jackstr02,2.8,4.9,0.0,0.0,1.0,1.6,0.576,0.0,0.578
sassema01,2.4,5.2,1.0,2.7,0.8,0.9,0.463,0.382,0.843
willivi01,2.5,6.2,1.0,3.5,0.7,0.9,0.401,0.274,0.792
bryanth01,2.5,4.9,0.7,2.2,0.8,1.0,0.508,0.324,0.859
bryanth01,1.2,2.8,0.6,1.7,1.1,1.1,0.429,0.353,1.0
bryanth01,2.7,5.2,0.8,2.3,0.8,0.9,0.515,0.321,0.83
clingdo01,2.7,5.0,0.2,0.7,0.9,1.6,0.539,0.286,0.596
curryse01,2.4,5.0,1.2,2.7,0.5,0.6,0.478,0.456,0.846
highsha01,2.4,5.3,1.2,3.1,0.4,0.6,0.458,0.382,0.721
hortota01,2.3,5.0,0.7,2.1,1.2,1.7,0.457,0.336,0.735
lylestr01,2.3,5.4,1.2,3.4,0.8,1.2,0.42,0.34,0.7
mitchaj01,2.5,5.1,0.6,1.7,0.8,1.0,0.495,0.383,0.829
paytoga02,2.8,4.8,0.5,1.5,0.4,0.6,0.574,0.326,0.711
colliza01,2.4,4.7,0.5,1.7,1.1,1.2,0.507,0.302,0.885
colliza01,1.7,3.7,0.4,1.3,0.9,1.0,0.462,0.304,0.886
colliza01,3.3,6.1,0.6,2.1,1.4,1.5,0.541,0.3,0.884
dunnkr01,2.6,5.9,1.0,3.0,0.2,0.3,0.439,0.335,0.682
hollaro01,2.4,5.1,0.4,1.9,1.1,1.5,0.474,0.238,0.754
martike04,2.6,4.7,0.3,1.3,0.9,1.1,0.552,0.259,0.787
martike04,2.5,4.1,0.3,0.9,1.0,1.2,0.616,0.381,0.828
martike04,2.6,5.4,0.4,1.9,0.7,0.9,0.49,0.189,0.722
vincega01,2.3,5.8,1.5,4.3,0.2,0.3,0.4,0.353,0.714
mamuksa01,2.3,4.6,1.0,2.6,0.7,1.0,0.502,0.373,0.741
robinje02,2.4,5.3,0.8,2.5,0.7,0.8,0.455,0.341,0.836
willike04,2.5,5.1,1.0,2.5,0.4,0.6,0.483,0.386,0.718
hylanbo01,2.0,4.9,1.3,3.4,1.0,1.1,0.398,0.39,0.885
hylanbo01,2.3,5.8,1.6,4.0,1.2,1.3,0.391,0.388,0.885
hylanbo01,0.5,0.8,0.3,0.5,0.0,0.0,0.667,0.5,
mogbojo01,2.5,5.7,0.3,1.1,1.0,1.3,0.438,0.243,0.732
rolliry01,2.4,4.8,0.9,2.1,0.6,0.8,0.487,0.408,0.8
smithdr01,2.2,4.4,1.1,2.1,0.6,0.9,0.508,0.533,0.75
okorois01,2.3,4.9,1.0,2.7,0.6,0.8,0.464,0.371,0.717
walkeja02,2.3,4.8,1.0,2.5,0.6,0.9,0.472,0.405,0.667
nfalyda01,2.5,3.3,0.0,0.0,1.0,1.3,0.769,,0.8
gueyemo02,2.2,5.2,0.6,2.5,1.0,1.3,0.421,0.259,0.762
kornelu01,2.6,3.8,0.0,0.0,0.9,1.3,0.668,0.0,0.691
mobleis01,2.0,7.0,1.0,3.0,1.0,2.0,0.286,0.333,0.5
stewais01,2.4,4.4,0.2,0.7,0.9,1.2,0.559,0.321,0.759
wisemja01,2.0,4.0,0.0,1.0,2.0,2.0,0.5,0.0,1.0
wongis01,2.1,5.3,0.7,1.7,1.3,1.7,0.39,0.394,0.735
swideco01,2.2,6.3,1.5,4.7,0.0,0.1,0.349,0.319,0.0
swideco01,0.0,2.5,0.0,2.5,0.0,0.0,0.0,0.0,
swideco01,2.8,7.3,1.9,5.3,0.0,0.1,0.379,0.357,0.0
okekech01,2.2,4.4,1.2,3.1,0.2,0.3,0.5,0.393,0.667
okekech01,2.6,4.7,1.4,3.1,0.3,0.4,0.545,0.455,0.667
okekech01,1.0,3.5,0.5,3.0,0.0,0.0,0.286,0.167,
anderky01,2.3,5.0,0.4,1.1,0.8,1.1,0.469,0.357,0.738
anderky01,2.1,4.7,0.5,1.4,0.5,0.8,0.45,0.365,0.667
anderky01,2.6,5.4,0.2,0.7,1.2,1.5,0.493,0.333,0.789
fontesi01,2.0,5.0,1.0,3.0,0.9,1.1,0.402,0.335,0.833
gilleco01,2.1,4.8,1.2,2.7,0.6,0.7,0.43,0.433,0.864
salauti01,1.9,5.8,1.0,3.4,1.1,1.6,0.33,0.283,0.713
willija07,2.1,4.7,1.3,3.3,0.5,0.6,0.439,0.399,0.767
brownmo01,2.6,3.8,0.0,0.0,0.6,0.8,0.694,,0.727
brownmo01,1.4,2.2,0.0,0.0,0.3,0.6,0.65,,0.6
brownmo01,5.3,7.3,0.0,0.0,1.3,1.5,0.724,,0.833
bonaad01,2.3,3.3,0.0,0.0,1.2,1.7,0.703,0.0,0.67
jacksqu01,2.1,4.4,0.5,1.4,1.1,1.4,0.475,0.375,0.775
williro04,2.5,3.9,0.1,0.2,0.8,0.9,0.641,0.333,0.882
diabamo01,2.4,3.9,0.0,0.1,1.0,1.6,0.596,0.0,0.595
whiteda01,2.0,4.8,1.7,3.7,0.2,0.3,0.406,0.446,0.6
shamela01,2.1,4.6,1.2,3.1,0.2,0.4,0.461,0.397,0.667
goodwjo01,2.2,5.0,0.9,2.3,0.3,0.4,0.438,0.382,0.818
miltosh01,2.0,4.5,0.7,1.9,0.8,1.0,0.453,0.358,0.797
miltosh01,2.7,5.8,1.0,2.7,0.9,1.2,0.465,0.389,0.758
miltosh01,1.4,3.2,0.3,1.1,0.7,0.9,0.433,0.294,0.846
holidaa01,1.9,4.3,1.2,2.9,0.5,0.7,0.437,0.398,0.829
greenje02,1.9,3.8,0.9,2.5,0.7,0.8,0.504,0.367,0.808
isaacjo01,1.9,4.6,0.5,2.1,1.0,1.5,0.414,0.258,0.682
wadede01,1.9,4.6,1.4,3.8,0.3,0.5,0.413,0.36,0.533
wallake01,2.1,5.2,0.9,2.6,0.4,0.4,0.401,0.329,1.0
bufkiko01,1.8,4.7,0.4,1.9,1.3,1.8,0.383,0.211,0.722
cainja01,1.8,4.3,0.7,2.2,0.9,1.4,0.43,0.325,0.68
connapa01,2.0,4.3,0.6,2.0,0.6,0.8,0.469,0.321,0.774
loveke01,1.8,5.0,1.0,2.9,0.7,1.0,0.357,0.358,0.696
sheppbe01,1.9,4.6,1.1,3.2,0.4,0.4,0.418,0.342,0.889
morrimo01,1.8,4.3,0.7,1.9,0.8,0.9,0.426,0.36,0.857
walkeja01,2.0,3.8,0.5,1.2,0.8,1.2,0.515,0.389,0.69
greenja02,1.8,4.2,0.7,2.1,0.8,1.1,0.429,0.326,0.724
greenja02,2.0,4.5,0.8,2.2,1.0,1.3,0.446,0.352,0.758
greenja02,1.3,3.5,0.4,1.8,0.3,0.6,0.365,0.242,0.5
reeseal01,1.7,3.6,1.0,2.7,0.6,0.8,0.481,0.366,0.75
reeseal01,1.0,1.0,0.0,0.0,0.0,0.0,1.0,,
reeseal01,1.8,3.8,1.1,2.9,0.6,0.9,0.472,0.366,0.75
biyombi01,2.4,4.1,0.0,0.0,0.4,0.9,0.588,,0.4
robinmi01,2.2,3.3,0.0,0.0,0.8,1.1,0.661,,0.684
joneska01,2.2,2.7,0.0,0.1,0.6,0.8,0.798,0.2,0.719
joneska01,0.9,1.3,0.0,0.1,0.3,0.4,0.722,0.0,0.75
joneska01,5.1,6.1,0.1,0.3,1.2,1.7,0.836,0.333,0.7
simmobe01,2.3,4.4,0.0,0.0,0.5,0.6,0.52,,0.727
simmobe01,2.8,5.2,0.0,0.0,0.5,0.8,0.547,,0.692
simmobe01,1.3,2.9,0.0,0.0,0.3,0.4,0.434,,0.857
branhma01,1.9,4.0,0.7,1.8,0.6,0.7,0.458,0.405,0.818
quetane01,2.1,3.3,0.0,0.0,0.7,1.0,0.65,0.0,0.754
willial06,2.0,2.0,1.0,1.0,0.0,0.0,1.0,1.0,
martija02,1.9,4.6,0.4,1.4,0.6,0.6,0.419,0.304,0.9
martija02,0.3,0.7,0.3,0.3,0.0,0.0,0.5,1.0,
martija02,2.3,5.5,0.5,1.7,0.7,0.8,0.417,0.273,0.9
waterli01,1.8,4.8,1.2,3.6,0.2,0.2,0.369,0.344,0.727
waterli01,2.0,5.4,1.3,3.9,0.2,0.3,0.371,0.331,0.727
waterli01,1.1,3.1,1.1,2.7,0.0,0.0,0.364,0.395,
queentr01,1.8,4.7,0.7,2.5,0.6,0.7,0.381,0.286,0.857
landajo01,1.9,3.6,0.3,0.6,0.6,1.0,0.533,0.423,0.675
castlco01,1.8,3.8,0.1,0.6,1.1,1.5,0.469,0.125,0.763
castlco01,0.2,1.0,0.0,0.4,1.0,1.1,0.2,0.0,0.909
castlco01,2.9,5.8,0.2,0.7,1.2,1.6,0.5,0.25,0.722
castlco01,2.4,4.8,0.0,0.8,1.2,1.8,0.5,0.0,0.667
hendrta01,1.3,6.0,1.0,4.0,1.0,1.3,0.222,0.25,0.75
roddyda01,1.7,3.8,0.6,1.8,0.6,0.8,0.456,0.311,0.769
roddyda01,1.6,3.4,0.6,1.6,0.7,0.8,0.473,0.372,0.818
roddyda01,2.7,6.3,0.7,3.7,0.0,0.0,0.421,0.182,
roddyda01,1.7,4.3,0.3,2.3,0.7,1.3,0.385,0.143,0.5
eubandr01,1.9,3.2,0.0,0.1,0.8,1.2,0.593,0.5,0.662
eubandr01,2.4,3.9,0.1,0.1,1.0,1.5,0.607,0.6,0.632
eubandr01,1.1,2.0,0.0,0.0,0.5,0.6,0.551,0.0,0.786
larsspe01,1.6,3.7,0.6,1.7,0.7,1.1,0.438,0.337,0.672
phillju01,1.6,3.6,0.6,1.9,0.8,1.0,0.446,0.327,0.789
willico04,1.7,5.1,0.7,2.7,0.6,0.8,0.323,0.259,0.725
dilliro01,1.9,4.3,0.5,1.5,0.2,0.3,0.441,0.338,0.533
howarje01,1.6,4.4,0.9,3.1,0.3,0.4,0.374,0.296,0.696
looneke01,1.9,3.7,0.0,0.1,0.7,1.3,0.514,0.4,0.566
plumlma01,1.7,2.7,0.0,0.1,1.1,1.7,0.619,0.0,0.648
terryda01,1.6,3.7,0.5,1.4,0.7,0.9,0.448,0.356,0.71
baglema01,1.8,3.4,0.1,0.6,0.7,1.1,0.519,0.158,0.657
baglema01,2.0,3.7,0.1,0.5,0.8,1.2,0.535,0.2,0.652
baglema01,1.4,2.9,0.1,0.8,0.7,1.0,0.486,0.111,0.667
bassech01,1.9,3.3,0.0,0.0,0.6,0.9,0.581,,0.636
bradlto01,2.1,3.2,0.1,0.2,0.1,0.4,0.644,0.333,0.333
jacksre01,1.7,4.3,0.8,2.4,0.2,0.3,0.391,0.338,0.778
sheppre01,1.6,4.6,0.9,2.7,0.3,0.3,0.351,0.338,0.813
stevela01,1.7,3.7,0.5,1.6,0.5,0.6,0.46,0.296,0.727
bambamo01,1.6,3.5,0.5,1.7,0.6,0.8,0.464,0.278,0.704
bambamo01,1.7,3.7,0.5,1.8,0.6,0.9,0.466,0.3,0.68
bambamo01,1.0,2.3,0.0,1.0,0.5,0.5,0.444,0.0,1.0
carteje01,1.5,4.1,1.0,2.9,0.2,0.3,0.377,0.333,0.8
pottemi01,1.5,3.6,0.8,2.6,0.4,0.5,0.422,0.316,0.85
shannte01,1.7,3.6,0.3,1.0,0.5,0.7,0.482,0.355,0.81
theisda01,1.6,3.4,0.2,1.0,0.8,1.0,0.473,0.243,0.838
craigto01,1.5,3.5,0.9,2.5,0.3,0.5,0.422,0.364,0.667
craigto01,2.4,5.0,1.7,3.9,0.3,0.4,0.489,0.429,0.75
craigto01,0.9,2.6,0.5,1.8,0.3,0.5,0.356,0.29,0.625
moorewe01,1.6,3.5,0.4,1.1,0.5,0.6,0.468,0.341,0.818
moorewe01,1.2,2.5,0.2,0.7,0.7,0.7,0.46,0.286,0.929
moorewe01,2.3,4.8,0.6,1.7,0.3,0.5,0.474,0.37,0.625
barlodo01,1.7,3.2,0.2,0.8,0.6,0.9,0.531,0.259,0.636
edwarke02,1.7,3.4,0.6,1.4,0.3,0.3,0.496,0.407,0.923
ighodos01,1.9,3.1,0.0,0.0,0.5,0.8,0.604,0.0,0.58
murrakr01,1.7,4.0,0.4,1.7,0.4,0.8,0.419,0.225,0.456
reathdu01,1.5,3.6,0.7,2.3,0.4,0.5,0.422,0.321,0.909
spencca01,1.4,3.3,0.8,2.1,0.8,0.8,0.415,0.365,1.0
lewisma05,1.6,3.9,0.7,1.8,0.3,0.4,0.417,0.38,0.7
lewisma05,0.3,0.9,0.0,0.0,0.0,0.0,0.333,,
lewisma05,2.0,4.9,0.9,2.4,0.3,0.5,0.422,0.38,0.7
clarkja02,1.4,3.0,0.6,1.3,0.7,0.9,0.467,0.431,0.784
houstca01,1.4,3.3,1.1,2.8,0.3,0.3,0.421,0.4,0.882
millejo02,1.6,3.6,0.2,1.0,0.8,0.9,0.433,0.211,0.8
pickeja02,1.6,3.7,0.8,2.1,0.1,0.2,0.428,0.396,0.75
reedpa01,1.6,3.2,0.2,0.6,0.7,0.9,0.507,0.286,0.762
santogu01,1.5,3.2,0.6,1.8,0.5,0.8,0.458,0.33,0.69
vandeja01,1.6,3.4,0.3,0.9,0.6,1.0,0.488,0.281,0.556
jonesco02,1.5,3.3,0.4,1.3,0.6,0.9,0.457,0.327,0.657
jonesco02,0.5,1.1,0.2,0.4,0.0,0.0,0.423,0.4,
jonesco02,3.2,6.9,0.8,2.6,1.5,2.3,0.466,0.308,0.657
batumni01,1.3,3.1,1.1,2.6,0.2,0.3,0.437,0.433,0.81
flynnma01,1.3,3.3,0.3,1.0,1.3,1.5,0.385,0.25,0.833
harpero02,1.0,8.0,0.0,6.0,2.0,2.0,0.125,0.0,1.0
richajo01,1.4,4.8,0.8,2.8,0.5,0.5,0.289,0.273,1.0
adamsst01,1.6,2.9,0.0,0.0,0.7,1.6,0.545,0.0,0.462
lowryky01,1.2,3.3,0.8,2.5,0.8,0.9,0.35,0.33,0.818
prospol01,1.3,3.3,0.2,1.0,0.9,1.5,0.402,0.235,0.645
millspa02,1.2,3.3,0.9,2.6,0.4,0.5,0.375,0.347,0.929
millspa02,1.5,4.5,1.0,3.4,0.3,0.3,0.342,0.298,1.0
millspa02,0.8,1.7,0.8,1.5,0.7,0.8,0.5,0.5,0.889
carlsbr01,1.3,3.0,0.7,2.1,0.4,0.6,0.443,0.333,0.778
cartede02,1.3,3.5,0.5,1.7,0.7,1.2,0.37,0.295,0.591
diengou01,1.5,3.4,0.6,1.9,0.3,0.4,0.432,0.324,0.688
morrima02,1.4,4.7,0.6,2.4,0.3,0.4,0.3,0.25,0.833
morrima02,0.7,3.1,0.3,1.9,0.0,0.0,0.227,0.154,
morrima02,2.0,6.0,0.9,2.9,0.6,0.8,0.333,0.304,0.833
batesem01,1.3,3.8,1.1,3.0,0.0,0.0,0.342,0.367,
jordade01,1.6,2.5,0.0,0.0,0.5,1.1,0.65,,0.422
portecr01,1.4,2.7,0.4,0.9,0.5,0.6,0.514,0.438,0.719
roweja01,1.3,2.8,0.5,1.7,0.5,1.0,0.471,0.3,0.5
weslebl01,1.4,3.2,0.3,1.0,0.7,1.1,0.435,0.293,0.623
thorjt01,1.3,3.0,0.3,1.1,0.8,1.1,0.424,0.286,0.682
thorjt01,1.0,1.7,0.3,0.7,0.8,0.9,0.6,0.5,0.875
thorjt01,1.5,4.0,0.3,1.4,0.7,1.3,0.364,0.2,0.571
scheiba01,1.3,3.5,0.8,2.6,0.3,0.4,0.355,0.317,0.75
tateja01,1.3,2.8,0.3,0.9,0.6,0.9,0.473,0.348,0.681
tysonja01,1.4,3.2,0.4,1.2,0.4,0.5,0.43,0.345,0.792
paytoel01,1.7,5.1,0.0,0.3,0.2,0.3,0.328,0.167,0.571
paytoel01,2.1,5.6,0.1,0.3,0.2,0.4,0.366,0.167,0.571
paytoel01,0.5,3.5,0.0,0.0,0.0,0.0,0.143,,
garzalu01,1.3,2.7,0.3,0.9,0.6,0.9,0.495,0.278,0.686
josepco01,1.2,3.1,0.8,2.1,0.3,0.4,0.403,0.364,0.778
mcderdo01,1.2,2.8,1.0,2.4,0.1,0.1,0.427,0.436,0.6
saricda01,1.3,3.6,0.4,1.6,0.4,0.6,0.362,0.269,0.7
bouyeja01,1.2,2.4,0.2,1.0,0.8,1.2,0.5,0.2,0.667
fernabr01,1.5,2.9,0.0,0.0,0.4,0.5,0.531,,0.75
jacksan01,1.4,2.9,0.4,1.1,0.2,0.4,0.477,0.395,0.5
jonesis01,1.4,2.1,0.1,0.2,0.6,0.9,0.651,0.375,0.639
knoxke01,1.3,2.6,0.3,1.1,0.4,0.6,0.5,0.267,0.75
leeda03,1.1,3.0,0.4,1.5,0.8,0.8,0.365,0.243,0.952
willije02,1.4,3.1,0.3,1.3,0.3,0.4,0.435,0.231,0.625
harklej01,1.1,3.5,0.7,2.5,0.3,0.6,0.314,0.28,0.5
nnajize01,1.2,2.5,0.3,0.9,0.5,0.8,0.496,0.327,0.614
reddica01,1.2,2.8,0.4,1.4,0.5,0.8,0.404,0.277,0.615
wrighde01,1.1,3.3,0.5,1.8,0.4,0.6,0.344,0.274,0.6
wrighde01,0.8,3.2,0.5,1.9,0.3,0.6,0.268,0.245,0.563
wrighde01,1.6,3.5,0.6,1.7,0.4,0.6,0.469,0.333,0.667
kelleky01,1.3,2.0,0.0,0.0,0.5,0.9,0.636,,0.6
kelleky01,1.3,1.6,0.0,0.0,0.5,0.8,0.769,,0.667
kelleky01,1.3,3.0,0.0,0.0,0.7,1.3,0.444,,0.5
harriga01,1.1,2.8,0.8,2.1,0.1,0.3,0.383,0.356,0.583
klebima01,1.1,2.8,0.4,1.4,0.5,0.6,0.385,0.265,0.762
mooreta02,1.0,5.0,0.5,2.0,0.5,1.0,0.2,0.25,0.5
ruperra01,1.1,2.7,0.3,1.1,0.4,0.6,0.408,0.271,0.767
tuckepj01,1.0,2.3,1.0,2.0,0.0,0.0,0.429,0.5,
nancepe01,1.1,2.5,0.7,1.8,0.1,0.2,0.438,0.375,0.5
nancepe01,0.7,2.1,0.6,1.7,0.1,0.3,0.333,0.333,0.5
nancepe01,1.5,2.8,0.8,2.0,0.0,0.0,0.529,0.417,
fultzma01,1.3,3.2,0.2,0.4,0.0,0.0,0.418,0.5,1.0
gibsota01,1.3,2.6,0.0,0.1,0.3,0.5,0.495,0.5,0.6
smithty02,1.0,2.2,0.6,1.3,0.3,0.3,0.48,0.433,0.75
dennira01,1.0,3.0,0.5,1.9,0.2,0.2,0.333,0.286,1.0
dukeda01,1.0,2.3,0.5,1.0,0.2,0.3,0.429,0.5,0.5
johnske10,1.1,1.6,0.2,0.4,0.3,0.6,0.692,0.429,0.444
beekmre01,1.0,3.0,0.2,1.1,0.4,0.6,0.327,0.175,0.762
beekmre01,0.5,0.5,0.0,0.0,0.0,0.0,1.0,,
beekmre01,1.0,3.1,0.2,1.2,0.5,0.6,0.321,0.175,0.762
crowdja01,0.8,2.4,0.4,1.7,0.6,0.7,0.318,0.267,0.833
minotjo01,1.0,2.0,0.3,0.9,0.4,0.4,0.489,0.326,0.895
tysonhu01,0.9,2.4,0.5,1.5,0.4,0.5,0.375,0.311,0.75
sprinja01,0.8,2.1,0.3,1.1,0.6,0.9,0.389,0.25,0.711
sprinja01,0.5,1.3,0.2,0.7,0.6,0.8,0.353,0.316,0.714
sprinja01,1.4,3.3,0.4,1.7,0.7,1.0,0.411,0.207,0.706
jemistr01,1.1,1.9,0.0,0.0,0.3,0.9,0.554,,0.394
jemistr01,0.9,2.0,0.0,0.0,0.5,1.3,0.469,,0.381
jemistr01,1.2,1.9,0.0,0.0,0.2,0.5,0.619,,0.417
gillan01,0.8,1.7,0.2,0.6,0.6,1.0,0.489,0.323,0.66
jonesdi01,0.9,2.5,0.3,1.2,0.3,0.5,0.383,0.254,0.607
spencpa01,1.1,2.6,0.1,0.6,0.3,0.4,0.406,0.227,0.733
davisjo06,0.9,2.3,0.2,0.9,0.3,0.4,0.41,0.241,0.6
kolokch01,1.1,1.8,0.0,0.1,0.3,0.4,0.606,0.0,0.714
konchjo01,0.9,2.0,0.5,1.3,0.2,0.2,0.451,0.371,0.875
beaucma01,0.8,1.9,0.3,0.8,0.4,0.6,0.415,0.345,0.75
beaucma01,0.7,1.8,0.3,0.8,0.3,0.5,0.383,0.333,0.75
beaucma01,1.3,2.3,0.7,1.0,0.7,1.3,0.571,0.667,0.5
beaucma01,0.8,1.8,0.2,0.8,0.7,0.7,0.455,0.2,1.0
jamesbr02,0.8,2.5,0.3,1.2,0.4,0.5,0.313,0.281,0.786
jonesma05,0.9,1.8,0.1,0.8,0.4,0.5,0.5,0.125,0.8
norrimi01,0.7,3.0,0.7,2.3,0.3,0.7,0.222,0.286,0.5
baldwpa01,0.8,1.5,0.5,1.0,0.1,0.2,0.543,0.565,0.5
baldwpa01,0.8,1.5,0.5,1.0,0.1,0.2,0.515,0.524,0.5
baldwpa01,1.0,1.0,1.0,1.0,0.0,0.0,1.0,1.0,
peterdr01,0.7,1.6,0.5,1.3,0.3,0.4,0.415,0.394,0.778
washity02,0.9,2.8,0.3,1.3,0.2,0.4,0.311,0.19,0.5
mclaujo01,0.7,1.6,0.4,1.0,0.4,0.5,0.431,0.413,0.773
mclaujo01,0.6,1.6,0.4,0.9,0.4,0.6,0.364,0.385,0.688
mclaujo01,0.8,1.6,0.5,1.1,0.3,0.3,0.536,0.45,1.0
davisjd01,0.8,2.1,0.3,1.1,0.3,0.4,0.353,0.222,0.714
duartch01,0.7,1.5,0.4,0.9,0.4,0.5,0.462,0.4,0.75
freemen01,0.7,1.7,0.0,0.5,0.6,0.9,0.432,0.1,0.684
furphjo01,0.7,1.8,0.3,1.0,0.4,0.4,0.38,0.3,0.818
poweldw01,0.8,1.1,0.0,0.1,0.5,0.8,0.689,0.4,0.651
chrisjo01,0.8,2.2,0.1,0.8,0.3,0.4,0.355,0.182,0.667
kolekty01,0.7,2.0,0.3,1.1,0.3,0.4,0.329,0.298,0.765
sanogad01,1.0,1.8,0.0,0.0,0.0,0.0,0.571,,
brownko01,0.8,1.8,0.2,0.7,0.1,0.2,0.458,0.231,0.714
hukpoar01,0.8,1.2,0.0,0.0,0.2,0.5,0.677,,0.462
klintbo01,0.8,1.3,0.3,0.6,0.1,0.3,0.6,0.4,0.5
templga01,0.6,2.1,0.2,1.0,0.4,0.4,0.3,0.214,0.917
simsje01,0.8,1.3,0.0,0.0,0.2,0.2,0.634,,0.615
simsje01,0.7,1.2,0.0,0.0,0.2,0.3,0.609,,0.615
simsje01,1.2,1.8,0.0,0.0,0.0,0.0,0.68,,
cancavl01,0.8,2.0,0.3,1.2,0.0,0.0,0.385,0.267,
flaglad01,0.7,2.6,0.4,1.9,0.0,0.1,0.26,0.194,0.5
flowetr01,0.7,1.8,0.0,0.3,0.5,0.5,0.364,0.0,1.0
liddeej01,0.7,1.3,0.3,0.8,0.2,0.2,0.533,0.3,1.0
youngja05,0.7,0.8,0.2,0.3,0.3,0.3,0.8,0.5,1.0
dadiepa01,0.6,1.7,0.3,1.1,0.2,0.3,0.323,0.316,0.667
ducasal01,0.6,1.4,0.5,1.0,0.1,0.1,0.4,0.476,1.0
hallpj01,0.7,1.3,0.1,0.4,0.2,0.2,0.583,0.25,0.75
milleem01,0.7,1.3,0.0,0.2,0.3,0.3,0.5,0.0,1.0
thomptr01,0.8,1.8,0.0,0.1,0.2,0.8,0.437,0.0,0.233
lenal01,0.7,1.4,0.0,0.2,0.2,0.4,0.508,0.222,0.471
lenal01,0.6,1.1,0.0,0.2,0.2,0.4,0.537,0.167,0.538
lenal01,1.0,2.2,0.1,0.3,0.1,0.4,0.455,0.333,0.25
kawamyu01,0.5,1.4,0.3,1.0,0.3,0.4,0.367,0.304,0.778
mcveija01,0.6,1.9,0.4,1.4,0.0,0.0,0.294,0.308,
armeltr01,0.7,2.1,0.0,0.8,0.2,0.8,0.316,0.0,0.286
walshjo01,0.6,1.6,0.3,1.1,0.1,0.2,0.361,0.273,0.583
wheelph02,0.6,4.2,0.0,2.0,0.4,0.4,0.143,0.0,1.0
cissosi01,0.6,1.4,0.1,0.6,0.1,0.4,0.433,0.231,0.333
cissosi01,0.5,1.1,0.2,0.4,0.1,0.4,0.5,0.429,0.167
cissosi01,0.8,2.4,0.0,1.2,0.4,0.6,0.333,0.0,0.667
gortmja01,0.6,1.4,0.3,0.7,0.1,0.3,0.391,0.364,0.5
mcculke01,0.5,1.8,0.0,0.3,0.5,0.5,0.286,0.0,1.0
millele01,0.5,1.2,0.0,0.4,0.6,0.6,0.4,0.0,1.0
olivaqu01,0.5,2.5,0.5,2.5,0.0,0.0,0.2,0.2,
ryanma01,0.5,1.6,0.3,1.0,0.1,0.1,0.323,0.316,1.0
toppija01,0.5,1.3,0.3,0.6,0.0,0.0,0.409,0.5,
toppija01,0.2,0.6,0.0,0.1,0.0,0.0,0.3,0.0,
toppija01,6.0,12.0,5.0,8.0,0.0,0.0,0.5,0.625,
chrisca02,0.5,1.8,0.2,1.0,0.2,0.3,0.292,0.154,0.5
livinch01,0.4,1.3,0.0,0.4,0.6,0.8,0.333,0.0,0.75
alexatr01,0.5,1.7,0.1,0.7,0.1,0.2,0.317,0.176,0.75
jonessp01,0.6,1.7,0.1,0.9,0.2,0.2,0.324,0.059,1.0
labissk01,0.5,1.0,0.3,0.3,0.0,0.0,0.5,1.0,
bridgja01,0.3,0.9,0.3,0.9,0.4,0.5,0.286,0.286,0.75
colliyu01,0.5,1.5,0.0,0.0,0.0,0.0,0.333,,
jenkida01,0.4,1.4,0.1,1.0,0.0,0.3,0.3,0.143,0.0
keybr01,0.0,1.3,0.0,0.3,1.0,2.0,0.0,0.0,0.5
mcgowbr01,0.3,1.1,0.0,0.3,0.4,0.5,0.286,0.0,0.833
tillmxa01,0.4,1.6,0.2,1.0,0.1,0.1,0.245,0.156,0.75
travelu01,0.4,1.7,0.0,0.8,0.2,0.2,0.25,0.0,1.0
crawfis01,0.3,0.7,0.1,0.3,0.1,0.3,0.455,0.2,0.5
minayju01,0.4,1.1,0.1,0.5,0.0,0.1,0.381,0.2,0.0
watsoan02,0.4,1.0,0.0,0.1,0.0,0.0,0.444,0.0,
cartodj01,0.3,1.8,0.0,0.8,0.3,0.3,0.143,0.0,1.0
doziepj01,0.2,0.3,0.2,0.3,0.1,0.7,0.667,0.667,0.167
inglejo01,0.3,1.2,0.2,0.8,0.0,0.0,0.261,0.2,
ingraha01,0.4,0.8,0.0,0.2,0.0,0.0,0.5,0.0,
chomcul01,0.3,0.7,0.0,0.0,0.1,0.3,0.4,,0.5
johnsja01,0.3,0.9,0.0,0.3,0.0,0.1,0.364,0.0,0.0
robbili01,0.2,0.6,0.0,0.2,0.4,0.8,0.25,0.0,0.5
umudest01,0.2,1.2,0.1,0.7,0.1,0.2,0.192,0.2,0.5
cuiyo01,0.2,1.4,0.0,0.6,0.2,0.4,0.143,0.0,0.5
newtotr01,0.1,1.0,0.0,0.4,0.1,0.1,0.125,0.0,1.0
newtotr01,0.2,1.2,0.0,0.6,0.2,0.2,0.167,0.0,1.0
newtotr01,0.0,0.7,0.0,0.0,0.0,0.0,0.0,,
leonsma01,0.0,0.3,0.0,0.2,0.3,0.7,0.0,0.0,0.5
nixda01,0.0,0.3,0.0,0.3,0.3,0.7,0.0,0.0,0.5
daviste02,0.0,2.0,0.0,1.0,0.0,0.0,0.0,0.0,
edwarje01,0.0,0.0,0.0,0.0,0.0,0.0,,,
mccluma01,0.0,1.0,0.0,0.5,0.0,0.0,0.0,0.0,
mcdanja01,0.0,0.0,0.0,0.0,0.0,0.0,,,
minixri01,0.0,1.0,0.0,1.0,0.0,0.0,0.0,0.0,
okafoja01,0.0,0.0,0.0,0.0,0.0,0.0,,,
pullizy01,0.0,0.3,0.0,0.0,0.0,0.0,0.0,,
steveis01,0.0,0.7,0.0,0.3,0.0,0.0,0.0,0.0,
taylote01,0.0,0.3,0.0,0.0,0.0,0.0,0.0,,
-9999,,,,,,,0.467,0.36,0.78
